timestamp,group,symbol,side,qty,price,reason,pnl_pct
2026-03-29 00:00:18,swing,USO,SHORT,9,124.20,entry (SHORT),+0.0000
2026-03-29 00:00:56,intraday,USO,LONG,9,124.17,entry (LONG),+0.0000
2026-03-29 00:02:01,intraday,USO,LONG,9,124.17,entry (LONG),+0.0000
2026-03-29 00:03:06,intraday,USO,LONG,9,124.17,entry (LONG),+0.0000
2026-03-29 00:04:11,intraday,USO,LONG,9,124.17,entry (LONG),+0.0000
2026-03-29 00:05:16,intraday,USO,LONG,9,124.17,entry (LONG),+0.0000
2026-03-29 00:05:42,swing,USO,SHORT,9,124.20,entry (SHORT),+0.0000
2026-03-29 00:06:21,intraday,USO,LONG,9,124.17,entry (LONG),+0.0000
2026-03-29 00:07:26,intraday,USO,LONG,9,124.17,entry (LONG),+0.0000
2026-03-29 00:08:30,intraday,USO,LONG,9,124.17,entry (LONG),+0.0000
2026-03-29 00:09:35,intraday,USO,LONG,9,124.17,entry (LONG),+0.0000
2026-03-29 00:10:44,intraday,USO,LONG,9,124.17,entry (LONG),+0.0000
2026-03-29 00:11:12,swing,USO,SHORT,9,124.20,entry (SHORT),+0.0000
2026-03-29 00:11:49,intraday,USO,LONG,9,124.17,entry (LONG),+0.0000
2026-03-29 00:12:54,intraday,USO,LONG,9,124.17,entry (LONG),+0.0000
2026-03-29 00:13:59,intraday,USO,LONG,9,124.17,entry (LONG),+0.0000
2026-03-29 00:15:04,intraday,USO,LONG,9,124.17,entry (LONG),+0.0000
2026-03-29 00:16:09,intraday,USO,LONG,9,124.17,entry (LONG),+0.0000
2026-03-29 00:16:32,swing,USO,SHORT,9,124.20,entry (SHORT),+0.0000
2026-03-29 00:17:14,intraday,USO,LONG,9,124.17,entry (LONG),+0.0000
2026-03-29 00:18:18,intraday,USO,LONG,9,124.17,entry (LONG),+0.0000
2026-03-29 00:19:23,intraday,USO,LONG,9,124.17,entry (LONG),+0.0000
2026-03-29 00:20:27,intraday,USO,LONG,9,124.17,entry (LONG),+0.0000
2026-03-29 00:21:32,intraday,USO,LONG,9,124.17,entry (LONG),+0.0000
2026-03-29 00:21:48,swing,USO,SHORT,9,124.20,entry (SHORT),+0.0000
2026-03-29 00:22:37,intraday,USO,LONG,9,124.17,entry (LONG),+0.0000
2026-03-29 00:23:42,intraday,USO,LONG,9,124.17,entry (LONG),+0.0000
2026-03-29 00:24:47,intraday,USO,LONG,9,124.17,entry (LONG),+0.0000
2026-03-29 00:25:53,intraday,USO,LONG,9,124.17,entry (LONG),+0.0000
2026-03-29 00:26:58,intraday,USO,LONG,9,124.17,entry (LONG),+0.0000
2026-03-29 00:27:05,swing,USO,SHORT,9,124.20,entry (SHORT),+0.0000
2026-03-29 00:28:03,intraday,USO,LONG,9,124.17,entry (LONG),+0.0000
2026-03-29 00:29:08,intraday,USO,LONG,9,124.17,entry (LONG),+0.0000
2026-03-29 00:30:14,intraday,USO,LONG,9,124.17,entry (LONG),+0.0000
2026-03-29 00:31:20,intraday,USO,LONG,9,124.17,entry (LONG),+0.0000
2026-03-29 00:32:22,swing,USO,SHORT,9,124.20,entry (SHORT),+0.0000
2026-03-29 00:32:25,intraday,USO,LONG,9,124.17,entry (LONG),+0.0000
2026-03-29 00:33:30,intraday,USO,LONG,9,124.17,entry (LONG),+0.0000
2026-03-29 00:34:54,intraday,USO,LONG,9,124.17,entry (LONG),+0.0000
2026-03-29 00:35:58,intraday,USO,LONG,9,124.17,entry (LONG),+0.0000
2026-03-29 00:37:03,intraday,USO,LONG,9,124.17,entry (LONG),+0.0000
2026-03-29 00:37:39,swing,USO,SHORT,9,124.20,entry (SHORT),+0.0000
2026-03-29 00:38:08,intraday,USO,LONG,9,124.17,entry (LONG),+0.0000
2026-03-29 00:39:12,intraday,USO,LONG,9,124.17,entry (LONG),+0.0000
2026-03-29 00:40:17,intraday,USO,LONG,9,124.17,entry (LONG),+0.0000
2026-03-29 00:41:22,intraday,USO,LONG,9,124.17,entry (LONG),+0.0000
2026-03-29 00:42:26,intraday,USO,LONG,9,124.17,entry (LONG),+0.0000
2026-03-29 00:42:57,swing,USO,SHORT,9,124.20,entry (SHORT),+0.0000
2026-03-29 00:43:31,intraday,USO,LONG,9,124.17,entry (LONG),+0.0000
2026-03-29 00:44:36,intraday,USO,LONG,9,124.17,entry (LONG),+0.0000
2026-03-29 00:45:40,intraday,USO,LONG,9,124.17,entry (LONG),+0.0000
2026-03-29 00:46:45,intraday,USO,LONG,9,124.17,entry (LONG),+0.0000
2026-03-29 00:47:49,intraday,USO,LONG,9,124.17,entry (LONG),+0.0000
2026-03-29 00:48:14,swing,USO,SHORT,9,124.20,entry (SHORT),+0.0000
2026-03-29 00:48:54,intraday,USO,LONG,9,124.17,entry (LONG),+0.0000
2026-03-29 00:49:59,intraday,USO,LONG,9,124.17,entry (LONG),+0.0000
2026-03-29 00:51:04,intraday,USO,LONG,9,124.17,entry (LONG),+0.0000
2026-03-29 00:52:11,intraday,USO,LONG,9,124.17,entry (LONG),+0.0000
2026-03-29 00:53:16,intraday,USO,LONG,9,124.17,entry (LONG),+0.0000
2026-03-29 00:53:31,swing,USO,SHORT,9,124.20,entry (SHORT),+0.0000
2026-03-29 00:54:20,intraday,USO,LONG,9,124.17,entry (LONG),+0.0000
2026-03-29 00:55:25,intraday,USO,LONG,9,124.17,entry (LONG),+0.0000
2026-03-29 00:56:30,intraday,USO,LONG,9,124.17,entry (LONG),+0.0000
2026-03-29 00:57:35,intraday,USO,LONG,9,124.17,entry (LONG),+0.0000
2026-03-29 00:58:39,intraday,USO,LONG,9,124.17,entry (LONG),+0.0000
2026-03-29 00:58:49,swing,USO,SHORT,9,124.20,entry (SHORT),+0.0000
2026-03-29 00:59:44,intraday,USO,LONG,9,124.17,entry (LONG),+0.0000
2026-03-29 01:00:49,intraday,USO,LONG,9,124.17,entry (LONG),+0.0000
2026-03-29 01:01:54,intraday,USO,LONG,9,124.17,entry (LONG),+0.0000
2026-03-29 01:03:00,intraday,USO,LONG,9,124.17,entry (LONG),+0.0000
2026-03-29 01:04:04,intraday,USO,LONG,9,124.17,entry (LONG),+0.0000
2026-03-29 01:04:09,swing,USO,SHORT,9,124.20,entry (SHORT),+0.0000
2026-03-29 01:05:10,intraday,USO,LONG,9,124.17,entry (LONG),+0.0000
2026-03-29 01:06:15,intraday,USO,LONG,9,124.17,entry (LONG),+0.0000
2026-03-29 01:07:20,intraday,USO,LONG,9,124.17,entry (LONG),+0.0000
2026-03-29 01:08:26,intraday,USO,LONG,9,124.17,entry (LONG),+0.0000
2026-03-29 01:09:31,intraday,USO,LONG,9,124.17,entry (LONG),+0.0000
2026-03-29 01:09:34,swing,USO,SHORT,9,124.20,entry (SHORT),+0.0000
2026-03-29 01:10:36,intraday,USO,LONG,9,124.17,entry (LONG),+0.0000
2026-03-29 01:11:42,intraday,USO,LONG,9,124.17,entry (LONG),+0.0000
2026-03-29 01:12:47,intraday,USO,LONG,9,124.17,entry (LONG),+0.0000
2026-03-29 01:13:52,intraday,USO,LONG,9,124.17,entry (LONG),+0.0000
2026-03-29 01:14:55,swing,USO,SHORT,9,124.20,entry (SHORT),+0.0000
2026-03-29 01:14:56,intraday,USO,LONG,9,124.17,entry (LONG),+0.0000
2026-03-29 01:16:01,intraday,USO,LONG,9,124.17,entry (LONG),+0.0000
2026-03-29 01:17:06,intraday,USO,LONG,9,124.17,entry (LONG),+0.0000
2026-03-29 01:18:10,intraday,USO,LONG,9,124.17,entry (LONG),+0.0000
2026-03-29 01:19:15,intraday,USO,LONG,9,124.17,entry (LONG),+0.0000
2026-03-29 01:20:17,swing,USO,SHORT,9,124.20,entry (SHORT),+0.0000
2026-03-29 01:20:20,intraday,USO,LONG,9,124.17,entry (LONG),+0.0000
2026-03-29 01:21:24,intraday,USO,LONG,9,124.17,entry (LONG),+0.0000
2026-03-29 01:22:29,intraday,USO,LONG,9,124.17,entry (LONG),+0.0000
2026-03-29 01:23:34,intraday,USO,LONG,9,124.17,entry (LONG),+0.0000
2026-03-29 01:24:39,intraday,USO,LONG,9,124.17,entry (LONG),+0.0000
2026-03-29 01:25:36,swing,USO,SHORT,9,124.20,entry (SHORT),+0.0000
2026-03-29 01:25:44,intraday,USO,LONG,9,124.17,entry (LONG),+0.0000
2026-03-29 01:26:48,intraday,USO,LONG,9,124.17,entry (LONG),+0.0000
2026-03-29 01:27:53,intraday,USO,LONG,9,124.17,entry (LONG),+0.0000
2026-03-29 01:28:59,intraday,USO,LONG,9,124.17,entry (LONG),+0.0000
2026-03-29 01:30:04,intraday,USO,LONG,9,124.17,entry (LONG),+0.0000
2026-03-29 01:30:53,swing,USO,SHORT,9,124.20,entry (SHORT),+0.0000
2026-03-29 01:31:09,intraday,USO,LONG,9,124.17,entry (LONG),+0.0000
2026-03-29 01:32:14,intraday,USO,LONG,9,124.17,entry (LONG),+0.0000
2026-03-29 01:33:19,intraday,USO,LONG,9,124.17,entry (LONG),+0.0000
2026-03-29 01:34:24,intraday,USO,LONG,9,124.17,entry (LONG),+0.0000
2026-03-29 01:35:53,intraday,USO,LONG,9,124.17,entry (LONG),+0.0000
2026-03-29 01:36:11,swing,USO,SHORT,9,124.20,entry (SHORT),+0.0000
2026-03-29 01:36:57,intraday,USO,LONG,9,124.17,entry (LONG),+0.0000
2026-03-29 01:38:02,intraday,USO,LONG,9,124.17,entry (LONG),+0.0000
2026-03-29 01:39:07,intraday,USO,LONG,9,124.17,entry (LONG),+0.0000
2026-03-29 01:40:12,intraday,USO,LONG,9,124.17,entry (LONG),+0.0000
2026-03-29 01:41:16,intraday,USO,LONG,9,124.17,entry (LONG),+0.0000
2026-03-29 01:41:30,swing,USO,SHORT,9,124.20,entry (SHORT),+0.0000
2026-03-29 01:42:21,intraday,USO,LONG,9,124.17,entry (LONG),+0.0000
2026-03-29 01:43:26,intraday,USO,LONG,9,124.17,entry (LONG),+0.0000
2026-03-29 01:44:31,intraday,USO,LONG,9,124.17,entry (LONG),+0.0000
2026-03-29 01:45:36,intraday,USO,LONG,9,124.17,entry (LONG),+0.0000
2026-03-29 01:46:40,intraday,USO,LONG,9,124.17,entry (LONG),+0.0000
2026-03-29 01:46:49,swing,USO,SHORT,9,124.20,entry (SHORT),+0.0000
2026-03-29 01:47:45,intraday,USO,LONG,9,124.17,entry (LONG),+0.0000
2026-03-29 01:48:50,intraday,USO,LONG,9,124.17,entry (LONG),+0.0000
2026-03-29 01:49:55,intraday,USO,LONG,9,124.17,entry (LONG),+0.0000
2026-03-29 01:51:00,intraday,USO,LONG,9,124.17,entry (LONG),+0.0000
2026-03-29 01:52:07,intraday,USO,LONG,9,124.17,entry (LONG),+0.0000
2026-03-29 01:52:20,swing,USO,SHORT,9,124.20,entry (SHORT),+0.0000
2026-03-29 01:53:14,intraday,USO,LONG,9,124.17,entry (LONG),+0.0000
2026-03-29 01:54:19,intraday,USO,LONG,9,124.17,entry (LONG),+0.0000
2026-03-29 01:55:24,intraday,USO,LONG,9,124.17,entry (LONG),+0.0000
2026-03-29 01:56:30,intraday,USO,LONG,9,124.17,entry (LONG),+0.0000
2026-03-29 01:57:40,intraday,USO,LONG,9,124.17,entry (LONG),+0.0000
2026-03-29 01:57:44,swing,USO,SHORT,9,124.20,entry (SHORT),+0.0000
2026-03-29 01:58:44,intraday,USO,LONG,9,124.17,entry (LONG),+0.0000
2026-03-29 01:59:49,intraday,USO,LONG,9,124.17,entry (LONG),+0.0000
2026-03-29 02:00:55,intraday,USO,LONG,9,124.17,entry (LONG),+0.0000
2026-03-29 02:02:01,intraday,USO,LONG,9,124.17,entry (LONG),+0.0000
2026-03-29 02:03:02,swing,USO,SHORT,9,124.20,entry (SHORT),+0.0000
2026-03-29 02:03:06,intraday,USO,LONG,9,124.17,entry (LONG),+0.0000
2026-03-29 02:04:11,intraday,USO,LONG,9,124.17,entry (LONG),+0.0000
2026-03-29 02:05:16,intraday,USO,LONG,9,124.17,entry (LONG),+0.0000
2026-03-29 02:06:21,intraday,USO,LONG,9,124.17,entry (LONG),+0.0000
2026-03-29 02:07:26,intraday,USO,LONG,9,124.17,entry (LONG),+0.0000
2026-03-29 02:08:21,swing,USO,SHORT,9,124.20,entry (SHORT),+0.0000
2026-03-29 02:08:31,intraday,USO,LONG,9,124.17,entry (LONG),+0.0000
2026-03-29 02:09:35,intraday,USO,LONG,9,124.17,entry (LONG),+0.0000
2026-03-29 02:10:40,intraday,USO,LONG,9,124.17,entry (LONG),+0.0000
2026-03-29 02:11:45,intraday,USO,LONG,9,124.17,entry (LONG),+0.0000
2026-03-29 02:12:49,intraday,USO,LONG,9,124.17,entry (LONG),+0.0000
2026-03-29 02:13:42,swing,USO,SHORT,9,124.20,entry (SHORT),+0.0000
2026-03-29 02:13:54,intraday,USO,LONG,9,124.17,entry (LONG),+0.0000
2026-03-29 02:14:59,intraday,USO,LONG,9,124.17,entry (LONG),+0.0000
2026-03-29 02:16:04,intraday,USO,LONG,9,124.17,entry (LONG),+0.0000
2026-03-29 02:17:09,intraday,USO,LONG,9,124.17,entry (LONG),+0.0000
2026-03-29 02:18:14,intraday,USO,LONG,9,124.17,entry (LONG),+0.0000
2026-03-29 02:18:58,swing,USO,SHORT,9,124.20,entry (SHORT),+0.0000
2026-03-29 02:19:19,intraday,USO,LONG,9,124.17,entry (LONG),+0.0000
2026-03-29 02:20:24,intraday,USO,LONG,9,124.17,entry (LONG),+0.0000
2026-03-29 02:21:29,intraday,USO,LONG,9,124.17,entry (LONG),+0.0000
2026-03-29 02:22:34,intraday,USO,LONG,9,124.17,entry (LONG),+0.0000
2026-03-29 02:23:38,intraday,USO,LONG,9,124.17,entry (LONG),+0.0000
2026-03-29 02:24:18,swing,USO,SHORT,9,124.20,entry (SHORT),+0.0000
2026-03-29 02:24:43,intraday,USO,LONG,9,124.17,entry (LONG),+0.0000
2026-03-29 02:25:47,intraday,USO,LONG,9,124.17,entry (LONG),+0.0000
2026-03-29 02:26:52,intraday,USO,LONG,9,124.17,entry (LONG),+0.0000
2026-03-29 02:27:57,intraday,USO,LONG,9,124.17,entry (LONG),+0.0000
2026-03-29 02:29:01,intraday,USO,LONG,9,124.17,entry (LONG),+0.0000
2026-03-29 02:29:35,swing,USO,SHORT,9,124.20,entry (SHORT),+0.0000
2026-03-29 02:30:06,intraday,USO,LONG,9,124.17,entry (LONG),+0.0000
2026-03-29 02:31:11,intraday,USO,LONG,9,124.17,entry (LONG),+0.0000
2026-03-29 02:32:16,intraday,USO,LONG,9,124.17,entry (LONG),+0.0000
2026-03-29 02:33:20,intraday,USO,LONG,9,124.17,entry (LONG),+0.0000
2026-03-29 02:34:25,intraday,USO,LONG,9,124.17,entry (LONG),+0.0000
2026-03-29 02:34:53,swing,USO,SHORT,9,124.20,entry (SHORT),+0.0000
2026-03-29 02:35:51,intraday,USO,LONG,9,124.17,entry (LONG),+0.0000
2026-03-29 02:36:55,intraday,USO,LONG,9,124.17,entry (LONG),+0.0000
2026-03-29 02:38:00,intraday,USO,LONG,9,124.17,entry (LONG),+0.0000
2026-03-29 02:39:05,intraday,USO,LONG,9,124.17,entry (LONG),+0.0000
2026-03-29 02:40:09,intraday,USO,LONG,9,124.17,entry (LONG),+0.0000
2026-03-29 02:40:10,swing,USO,SHORT,9,124.20,entry (SHORT),+0.0000
2026-03-29 02:41:15,intraday,USO,LONG,9,124.17,entry (LONG),+0.0000
2026-03-29 02:42:19,intraday,USO,LONG,9,124.17,entry (LONG),+0.0000
2026-03-29 02:43:25,intraday,USO,LONG,9,124.17,entry (LONG),+0.0000
2026-03-29 02:44:30,intraday,USO,LONG,9,124.17,entry (LONG),+0.0000
2026-03-29 02:45:27,swing,USO,SHORT,9,124.20,entry (SHORT),+0.0000
2026-03-29 02:45:34,intraday,USO,LONG,9,124.17,entry (LONG),+0.0000
2026-03-29 02:46:39,intraday,USO,LONG,9,124.17,entry (LONG),+0.0000
2026-03-29 02:47:44,intraday,USO,LONG,9,124.17,entry (LONG),+0.0000
2026-03-29 02:48:49,intraday,USO,LONG,9,124.17,entry (LONG),+0.0000
2026-03-29 02:49:53,intraday,USO,LONG,9,124.17,entry (LONG),+0.0000
2026-03-29 02:50:44,swing,USO,SHORT,9,124.20,entry (SHORT),+0.0000
2026-03-29 02:50:58,intraday,USO,LONG,9,124.17,entry (LONG),+0.0000
2026-03-29 02:52:02,intraday,USO,LONG,9,124.17,entry (LONG),+0.0000
2026-03-29 02:53:07,intraday,USO,LONG,9,124.17,entry (LONG),+0.0000
2026-03-29 02:54:12,intraday,USO,LONG,9,124.17,entry (LONG),+0.0000
2026-03-29 02:55:17,intraday,USO,LONG,9,124.17,entry (LONG),+0.0000
2026-03-29 02:56:03,swing,USO,SHORT,9,124.20,entry (SHORT),+0.0000
2026-03-29 02:56:22,intraday,USO,LONG,9,124.17,entry (LONG),+0.0000
2026-03-29 02:57:27,intraday,USO,LONG,9,124.17,entry (LONG),+0.0000
2026-03-29 02:58:31,intraday,USO,LONG,9,124.17,entry (LONG),+0.0000
2026-03-29 02:59:36,intraday,USO,LONG,9,124.17,entry (LONG),+0.0000
2026-03-29 03:00:40,intraday,USO,LONG,9,124.17,entry (LONG),+0.0000
2026-03-29 03:01:33,swing,USO,SHORT,9,124.20,entry (SHORT),+0.0000
2026-03-29 03:01:45,intraday,USO,LONG,9,124.17,entry (LONG),+0.0000
2026-03-29 03:02:50,intraday,USO,LONG,9,124.17,entry (LONG),+0.0000
2026-03-29 03:03:54,intraday,USO,LONG,9,124.17,entry (LONG),+0.0000
2026-03-29 03:04:59,intraday,USO,LONG,9,124.17,entry (LONG),+0.0000
2026-03-29 03:06:03,intraday,USO,LONG,9,124.17,entry (LONG),+0.0000
2026-03-29 03:06:50,swing,USO,SHORT,9,124.20,entry (SHORT),+0.0000
2026-03-29 03:07:08,intraday,USO,LONG,9,124.17,entry (LONG),+0.0000
2026-03-29 03:08:13,intraday,USO,LONG,9,124.17,entry (LONG),+0.0000
2026-03-29 03:09:18,intraday,USO,LONG,9,124.17,entry (LONG),+0.0000
2026-03-29 03:10:22,intraday,USO,LONG,9,124.17,entry (LONG),+0.0000
2026-03-29 03:11:27,intraday,USO,LONG,9,124.17,entry (LONG),+0.0000
2026-03-29 03:12:07,swing,USO,SHORT,9,124.20,entry (SHORT),+0.0000
2026-03-29 03:12:31,intraday,USO,LONG,9,124.17,entry (LONG),+0.0000
2026-03-29 03:13:40,intraday,USO,LONG,9,124.17,entry (LONG),+0.0000
2026-03-29 03:14:46,intraday,USO,LONG,9,124.17,entry (LONG),+0.0000
2026-03-29 03:15:52,intraday,USO,LONG,9,124.17,entry (LONG),+0.0000
2026-03-29 03:16:56,intraday,USO,LONG,9,124.17,entry (LONG),+0.0000
2026-03-29 03:17:24,swing,USO,SHORT,9,124.20,entry (SHORT),+0.0000
2026-03-29 03:18:01,intraday,USO,LONG,9,124.17,entry (LONG),+0.0000
2026-03-29 03:19:05,intraday,USO,LONG,9,124.17,entry (LONG),+0.0000
2026-03-29 03:20:10,intraday,USO,LONG,9,124.17,entry (LONG),+0.0000
2026-03-29 03:21:15,intraday,USO,LONG,9,124.17,entry (LONG),+0.0000
2026-03-29 03:22:20,intraday,USO,LONG,9,124.17,entry (LONG),+0.0000
2026-03-29 03:22:41,swing,USO,SHORT,9,124.20,entry (SHORT),+0.0000
2026-03-29 03:23:24,intraday,USO,LONG,9,124.17,entry (LONG),+0.0000
2026-03-29 03:24:29,intraday,USO,LONG,9,124.17,entry (LONG),+0.0000
2026-03-29 03:25:33,intraday,USO,LONG,9,124.17,entry (LONG),+0.0000
2026-03-29 03:26:38,intraday,USO,LONG,9,124.17,entry (LONG),+0.0000
2026-03-29 03:27:43,intraday,USO,LONG,9,124.17,entry (LONG),+0.0000
2026-03-29 03:27:59,swing,USO,SHORT,9,124.20,entry (SHORT),+0.0000
2026-03-29 03:28:48,intraday,USO,LONG,9,124.17,entry (LONG),+0.0000
2026-03-29 03:29:53,intraday,USO,LONG,9,124.17,entry (LONG),+0.0000
2026-03-29 03:30:58,intraday,USO,LONG,9,124.17,entry (LONG),+0.0000
2026-03-29 03:32:03,intraday,USO,LONG,9,124.17,entry (LONG),+0.0000
2026-03-29 03:33:08,intraday,USO,LONG,9,124.17,entry (LONG),+0.0000
2026-03-29 03:33:18,swing,USO,SHORT,9,124.20,entry (SHORT),+0.0000
2026-03-29 03:34:13,intraday,USO,LONG,9,124.17,entry (LONG),+0.0000
2026-03-29 03:35:18,intraday,USO,LONG,9,124.17,entry (LONG),+0.0000
2026-03-29 03:36:48,intraday,USO,LONG,9,124.17,entry (LONG),+0.0000
2026-03-29 03:37:53,intraday,USO,LONG,9,124.17,entry (LONG),+0.0000
2026-03-29 03:38:35,swing,USO,SHORT,9,124.20,entry (SHORT),+0.0000
2026-03-29 03:38:58,intraday,USO,LONG,9,124.17,entry (LONG),+0.0000
2026-03-29 03:40:02,intraday,USO,LONG,9,124.17,entry (LONG),+0.0000
2026-03-29 03:41:07,intraday,USO,LONG,9,124.17,entry (LONG),+0.0000
2026-03-29 03:42:12,intraday,USO,LONG,9,124.17,entry (LONG),+0.0000
2026-03-29 03:43:17,intraday,USO,LONG,9,124.17,entry (LONG),+0.0000
2026-03-29 03:43:51,swing,USO,SHORT,9,124.20,entry (SHORT),+0.0000
2026-03-29 03:44:21,intraday,USO,LONG,9,124.17,entry (LONG),+0.0000
2026-03-29 03:45:26,intraday,USO,LONG,9,124.17,entry (LONG),+0.0000
2026-03-29 03:46:30,intraday,USO,LONG,9,124.17,entry (LONG),+0.0000
2026-03-29 03:47:35,intraday,USO,LONG,9,124.17,entry (LONG),+0.0000
2026-03-29 03:48:40,intraday,USO,LONG,9,124.17,entry (LONG),+0.0000
2026-03-29 03:49:23,swing,USO,SHORT,9,124.20,entry (SHORT),+0.0000
2026-03-29 03:49:44,intraday,USO,LONG,9,124.17,entry (LONG),+0.0000
2026-03-29 03:50:50,intraday,USO,LONG,9,124.17,entry (LONG),+0.0000
2026-03-29 03:51:54,intraday,USO,LONG,9,124.17,entry (LONG),+0.0000
2026-03-29 03:52:59,intraday,USO,LONG,9,124.17,entry (LONG),+0.0000
2026-03-29 03:54:04,intraday,USO,LONG,9,124.17,entry (LONG),+0.0000
2026-03-29 03:54:40,swing,USO,SHORT,9,124.20,entry (SHORT),+0.0000
2026-03-29 03:55:08,intraday,USO,LONG,9,124.17,entry (LONG),+0.0000
2026-03-29 03:56:13,intraday,USO,LONG,9,124.17,entry (LONG),+0.0000
2026-03-29 03:57:18,intraday,USO,LONG,9,124.17,entry (LONG),+0.0000
2026-03-29 03:58:22,intraday,USO,LONG,9,124.17,entry (LONG),+0.0000
2026-03-29 03:59:27,intraday,USO,LONG,9,124.17,entry (LONG),+0.0000
2026-03-29 03:59:57,swing,USO,SHORT,9,124.20,entry (SHORT),+0.0000
2026-03-29 04:00:32,intraday,USO,LONG,9,124.17,entry (LONG),+0.0000
2026-03-29 04:01:37,intraday,USO,LONG,9,124.17,entry (LONG),+0.0000
2026-03-29 04:02:41,intraday,USO,LONG,9,124.17,entry (LONG),+0.0000
2026-03-29 04:03:46,intraday,USO,LONG,9,124.17,entry (LONG),+0.0000
2026-03-29 04:04:51,intraday,USO,LONG,9,124.17,entry (LONG),+0.0000
2026-03-29 04:05:18,swing,USO,SHORT,9,124.20,entry (SHORT),+0.0000
2026-03-29 04:05:55,intraday,USO,LONG,9,124.17,entry (LONG),+0.0000
2026-03-29 04:07:00,intraday,USO,LONG,9,124.17,entry (LONG),+0.0000
2026-03-29 04:08:05,intraday,USO,LONG,9,124.17,entry (LONG),+0.0000
2026-03-29 04:09:09,intraday,USO,LONG,9,124.17,entry (LONG),+0.0000
2026-03-29 04:10:14,intraday,USO,LONG,9,124.17,entry (LONG),+0.0000
2026-03-29 04:10:38,swing,USO,SHORT,9,124.20,entry (SHORT),+0.0000
2026-03-29 04:11:19,intraday,USO,LONG,9,124.17,entry (LONG),+0.0000
2026-03-29 04:12:24,intraday,USO,LONG,9,124.17,entry (LONG),+0.0000
2026-03-29 04:13:28,intraday,USO,LONG,9,124.17,entry (LONG),+0.0000
2026-03-29 04:14:33,intraday,USO,LONG,9,124.17,entry (LONG),+0.0000
2026-03-29 04:15:38,intraday,USO,LONG,9,124.17,entry (LONG),+0.0000
2026-03-29 04:15:56,swing,USO,SHORT,9,124.20,entry (SHORT),+0.0000
2026-03-29 04:16:43,intraday,USO,LONG,9,124.17,entry (LONG),+0.0000
2026-03-29 04:17:48,intraday,USO,LONG,9,124.17,entry (LONG),+0.0000
2026-03-29 04:18:52,intraday,USO,LONG,9,124.17,entry (LONG),+0.0000
2026-03-29 04:19:57,intraday,USO,LONG,9,124.17,entry (LONG),+0.0000
2026-03-29 04:21:02,intraday,USO,LONG,9,124.17,entry (LONG),+0.0000
2026-03-29 04:21:15,swing,USO,SHORT,9,124.20,entry (SHORT),+0.0000
2026-03-29 04:22:06,intraday,USO,LONG,9,124.17,entry (LONG),+0.0000
2026-03-29 04:23:11,intraday,USO,LONG,9,124.17,entry (LONG),+0.0000
2026-03-29 04:24:16,intraday,USO,LONG,9,124.17,entry (LONG),+0.0000
2026-03-29 04:25:21,intraday,USO,LONG,9,124.17,entry (LONG),+0.0000
2026-03-29 04:26:27,intraday,USO,LONG,9,124.17,entry (LONG),+0.0000
2026-03-29 04:26:34,swing,USO,SHORT,9,124.20,entry (SHORT),+0.0000
2026-03-29 04:27:31,intraday,USO,LONG,9,124.17,entry (LONG),+0.0000
2026-03-29 04:28:36,intraday,USO,LONG,9,124.17,entry (LONG),+0.0000
2026-03-29 04:29:41,intraday,USO,LONG,9,124.17,entry (LONG),+0.0000
2026-03-29 04:30:45,intraday,USO,LONG,9,124.17,entry (LONG),+0.0000
2026-03-29 04:31:50,intraday,USO,LONG,9,124.17,entry (LONG),+0.0000
2026-03-29 04:31:51,swing,USO,SHORT,9,124.20,entry (SHORT),+0.0000
2026-03-29 04:32:55,intraday,USO,LONG,9,124.17,entry (LONG),+0.0000
2026-03-29 04:33:59,intraday,USO,LONG,9,124.17,entry (LONG),+0.0000
2026-03-29 04:35:04,intraday,USO,LONG,9,124.17,entry (LONG),+0.0000
2026-03-29 04:36:09,intraday,USO,LONG,9,124.17,entry (LONG),+0.0000
2026-03-29 04:37:08,swing,USO,SHORT,9,124.20,entry (SHORT),+0.0000
2026-03-29 04:37:40,intraday,USO,LONG,9,124.17,entry (LONG),+0.0000
2026-03-29 04:38:45,intraday,USO,LONG,9,124.17,entry (LONG),+0.0000
2026-03-29 04:39:50,intraday,USO,LONG,9,124.17,entry (LONG),+0.0000
2026-03-29 04:40:55,intraday,USO,LONG,9,124.17,entry (LONG),+0.0000
2026-03-29 04:41:59,intraday,USO,LONG,9,124.17,entry (LONG),+0.0000
2026-03-29 04:42:27,swing,USO,SHORT,9,124.20,entry (SHORT),+0.0000
2026-03-29 04:43:04,intraday,USO,LONG,9,124.17,entry (LONG),+0.0000
2026-03-29 04:44:09,intraday,USO,LONG,9,124.17,entry (LONG),+0.0000
2026-03-29 04:45:13,intraday,USO,LONG,9,124.17,entry (LONG),+0.0000
2026-03-29 04:46:18,intraday,USO,LONG,9,124.17,entry (LONG),+0.0000
2026-03-29 04:47:23,intraday,USO,LONG,9,124.17,entry (LONG),+0.0000
2026-03-29 04:47:44,swing,USO,SHORT,9,124.20,entry (SHORT),+0.0000
2026-03-29 04:48:28,intraday,USO,LONG,9,124.17,entry (LONG),+0.0000
2026-03-29 04:49:33,intraday,USO,LONG,9,124.17,entry (LONG),+0.0000
2026-03-29 04:50:38,intraday,USO,LONG,9,124.17,entry (LONG),+0.0000
2026-03-29 04:51:43,intraday,USO,LONG,9,124.17,entry (LONG),+0.0000
2026-03-29 04:52:47,intraday,USO,LONG,9,124.17,entry (LONG),+0.0000
2026-03-29 04:53:04,swing,USO,SHORT,9,124.20,entry (SHORT),+0.0000
2026-03-29 04:53:52,intraday,USO,LONG,9,124.17,entry (LONG),+0.0000
2026-03-29 04:54:57,intraday,USO,LONG,9,124.17,entry (LONG),+0.0000
2026-03-29 04:56:03,intraday,USO,LONG,9,124.17,entry (LONG),+0.0000
2026-03-29 04:57:07,intraday,USO,LONG,9,124.17,entry (LONG),+0.0000
2026-03-29 04:58:12,intraday,USO,LONG,9,124.17,entry (LONG),+0.0000
2026-03-29 04:58:21,swing,USO,SHORT,9,124.20,entry (SHORT),+0.0000
2026-03-29 04:59:16,intraday,USO,LONG,9,124.17,entry (LONG),+0.0000
2026-03-29 05:00:21,intraday,USO,LONG,9,124.17,entry (LONG),+0.0000
2026-03-29 05:01:26,intraday,USO,LONG,9,124.17,entry (LONG),+0.0000
2026-03-29 05:02:31,intraday,USO,LONG,9,124.17,entry (LONG),+0.0000
2026-03-29 05:03:36,intraday,USO,LONG,9,124.17,entry (LONG),+0.0000
2026-03-29 05:03:38,swing,USO,SHORT,9,124.20,entry (SHORT),+0.0000
2026-03-29 05:04:42,intraday,USO,LONG,9,124.17,entry (LONG),+0.0000
2026-03-29 05:05:46,intraday,USO,LONG,9,124.17,entry (LONG),+0.0000
2026-03-29 05:06:51,intraday,USO,LONG,9,124.17,entry (LONG),+0.0000
2026-03-29 05:07:55,intraday,USO,LONG,9,124.17,entry (LONG),+0.0000
2026-03-29 05:08:55,swing,USO,SHORT,9,124.20,entry (SHORT),+0.0000
2026-03-29 05:09:00,intraday,USO,LONG,9,124.17,entry (LONG),+0.0000
2026-03-29 05:10:05,intraday,USO,LONG,9,124.17,entry (LONG),+0.0000
2026-03-29 05:11:10,intraday,USO,LONG,9,124.17,entry (LONG),+0.0000
2026-03-29 05:12:14,intraday,USO,LONG,9,124.17,entry (LONG),+0.0000
2026-03-29 05:13:19,intraday,USO,LONG,9,124.17,entry (LONG),+0.0000
2026-03-29 05:14:13,swing,USO,SHORT,9,124.20,entry (SHORT),+0.0000
2026-03-29 05:14:23,intraday,USO,LONG,9,124.17,entry (LONG),+0.0000
2026-03-29 05:15:28,intraday,USO,LONG,9,124.17,entry (LONG),+0.0000
2026-03-29 05:16:33,intraday,USO,LONG,9,124.17,entry (LONG),+0.0000
2026-03-29 05:17:37,intraday,USO,LONG,9,124.17,entry (LONG),+0.0000
2026-03-29 05:18:42,intraday,USO,LONG,9,124.17,entry (LONG),+0.0000
2026-03-29 05:19:30,swing,USO,SHORT,9,124.20,entry (SHORT),+0.0000
2026-03-29 05:19:47,intraday,USO,LONG,9,124.17,entry (LONG),+0.0000
2026-03-29 05:20:52,intraday,USO,LONG,9,124.17,entry (LONG),+0.0000
2026-03-29 05:21:56,intraday,USO,LONG,9,124.17,entry (LONG),+0.0000
2026-03-29 05:23:01,intraday,USO,LONG,9,124.17,entry (LONG),+0.0000
2026-03-29 05:24:05,intraday,USO,LONG,9,124.17,entry (LONG),+0.0000
2026-03-29 05:24:48,swing,USO,SHORT,9,124.20,entry (SHORT),+0.0000
2026-03-29 05:25:10,intraday,USO,LONG,9,124.17,entry (LONG),+0.0000
2026-03-29 05:26:15,intraday,USO,LONG,9,124.17,entry (LONG),+0.0000
2026-03-29 05:27:19,intraday,USO,LONG,9,124.17,entry (LONG),+0.0000
2026-03-29 05:28:24,intraday,USO,LONG,9,124.17,entry (LONG),+0.0000
2026-03-29 05:29:28,intraday,USO,LONG,9,124.17,entry (LONG),+0.0000
2026-03-29 05:30:08,swing,USO,SHORT,9,124.20,entry (SHORT),+0.0000
2026-03-29 05:30:33,intraday,USO,LONG,9,124.17,entry (LONG),+0.0000
2026-03-29 05:31:38,intraday,USO,LONG,9,124.17,entry (LONG),+0.0000
2026-03-29 05:32:42,intraday,USO,LONG,9,124.17,entry (LONG),+0.0000
2026-03-29 05:33:47,intraday,USO,LONG,9,124.17,entry (LONG),+0.0000
2026-03-29 05:34:52,intraday,USO,LONG,9,124.17,entry (LONG),+0.0000
2026-03-29 05:35:26,swing,USO,SHORT,9,124.20,entry (SHORT),+0.0000
2026-03-29 05:35:57,intraday,USO,LONG,9,124.17,entry (LONG),+0.0000
2026-03-29 05:37:02,intraday,USO,LONG,9,124.17,entry (LONG),+0.0000
2026-03-29 05:38:28,intraday,USO,LONG,9,124.17,entry (LONG),+0.0000
2026-03-29 05:39:32,intraday,USO,LONG,9,124.17,entry (LONG),+0.0000
2026-03-29 05:40:37,intraday,USO,LONG,9,124.17,entry (LONG),+0.0000
2026-03-29 05:40:44,swing,USO,SHORT,9,124.20,entry (SHORT),+0.0000
2026-03-29 05:41:42,intraday,USO,LONG,9,124.17,entry (LONG),+0.0000
2026-03-29 05:42:46,intraday,USO,LONG,9,124.17,entry (LONG),+0.0000
2026-03-29 05:43:51,intraday,USO,LONG,9,124.17,entry (LONG),+0.0000
2026-03-29 05:44:55,intraday,USO,LONG,9,124.17,entry (LONG),+0.0000
2026-03-29 05:46:00,intraday,USO,LONG,9,124.17,entry (LONG),+0.0000
2026-03-29 05:46:00,swing,USO,SHORT,9,124.20,entry (SHORT),+0.0000
2026-03-29 05:47:04,intraday,USO,LONG,9,124.17,entry (LONG),+0.0000
2026-03-29 05:48:09,intraday,USO,LONG,9,124.17,entry (LONG),+0.0000
2026-03-29 05:49:13,intraday,USO,LONG,9,124.17,entry (LONG),+0.0000
2026-03-29 05:50:18,intraday,USO,LONG,9,124.17,entry (LONG),+0.0000
2026-03-29 05:51:22,swing,USO,SHORT,9,124.20,entry (SHORT),+0.0000
2026-03-29 05:51:23,intraday,USO,LONG,9,124.17,entry (LONG),+0.0000
2026-03-29 05:52:28,intraday,USO,LONG,9,124.17,entry (LONG),+0.0000
2026-03-29 05:53:33,intraday,USO,LONG,9,124.17,entry (LONG),+0.0000
2026-03-29 05:54:37,intraday,USO,LONG,9,124.17,entry (LONG),+0.0000
2026-03-29 05:55:42,intraday,USO,LONG,9,124.17,entry (LONG),+0.0000
2026-03-29 05:56:39,swing,USO,SHORT,9,124.20,entry (SHORT),+0.0000
2026-03-29 05:56:47,intraday,USO,LONG,9,124.17,entry (LONG),+0.0000
2026-03-29 05:57:51,intraday,USO,LONG,9,124.17,entry (LONG),+0.0000
2026-03-29 05:58:56,intraday,USO,LONG,9,124.17,entry (LONG),+0.0000
2026-03-29 06:00:01,intraday,USO,LONG,9,124.17,entry (LONG),+0.0000
2026-03-29 06:01:06,intraday,USO,LONG,9,124.17,entry (LONG),+0.0000
2026-03-29 06:01:56,swing,USO,SHORT,9,124.20,entry (SHORT),+0.0000
2026-03-29 06:02:10,intraday,USO,LONG,9,124.17,entry (LONG),+0.0000
2026-03-29 06:03:15,intraday,USO,LONG,9,124.17,entry (LONG),+0.0000
2026-03-29 06:04:20,intraday,USO,LONG,9,124.17,entry (LONG),+0.0000
2026-03-29 06:05:24,intraday,USO,LONG,9,124.17,entry (LONG),+0.0000
2026-03-29 06:06:29,intraday,USO,LONG,9,124.17,entry (LONG),+0.0000
2026-03-29 06:07:13,swing,USO,SHORT,9,124.20,entry (SHORT),+0.0000
2026-03-29 06:07:34,intraday,USO,LONG,9,124.17,entry (LONG),+0.0000
2026-03-29 06:08:39,intraday,USO,LONG,9,124.17,entry (LONG),+0.0000
2026-03-29 06:09:43,intraday,USO,LONG,9,124.17,entry (LONG),+0.0000
2026-03-29 06:10:48,intraday,USO,LONG,9,124.17,entry (LONG),+0.0000
2026-03-29 06:11:53,intraday,USO,LONG,9,124.17,entry (LONG),+0.0000
2026-03-29 06:12:32,swing,USO,SHORT,9,124.20,entry (SHORT),+0.0000
2026-03-29 06:12:58,intraday,USO,LONG,9,124.17,entry (LONG),+0.0000
2026-03-29 06:14:02,intraday,USO,LONG,9,124.17,entry (LONG),+0.0000
2026-03-29 06:15:09,intraday,USO,LONG,9,124.17,entry (LONG),+0.0000
2026-03-29 06:16:14,intraday,USO,LONG,9,124.17,entry (LONG),+0.0000
2026-03-29 06:17:19,intraday,USO,LONG,9,124.17,entry (LONG),+0.0000
2026-03-29 06:17:49,swing,USO,SHORT,9,124.20,entry (SHORT),+0.0000
2026-03-29 06:18:23,intraday,USO,LONG,9,124.17,entry (LONG),+0.0000
2026-03-29 06:19:28,intraday,USO,LONG,9,124.17,entry (LONG),+0.0000
2026-03-29 06:20:32,intraday,USO,LONG,9,124.17,entry (LONG),+0.0000
2026-03-29 06:21:37,intraday,USO,LONG,9,124.17,entry (LONG),+0.0000
2026-03-29 06:22:42,intraday,USO,LONG,9,124.17,entry (LONG),+0.0000
2026-03-29 06:23:05,swing,USO,SHORT,9,124.20,entry (SHORT),+0.0000
2026-03-29 06:23:46,intraday,USO,LONG,9,124.17,entry (LONG),+0.0000
2026-03-29 06:24:51,intraday,USO,LONG,9,124.17,entry (LONG),+0.0000
2026-03-29 06:25:56,intraday,USO,LONG,9,124.17,entry (LONG),+0.0000
2026-03-29 06:27:00,intraday,USO,LONG,9,124.17,entry (LONG),+0.0000
2026-03-29 06:28:05,intraday,USO,LONG,9,124.17,entry (LONG),+0.0000
2026-03-29 06:28:22,swing,USO,SHORT,9,124.20,entry (SHORT),+0.0000
2026-03-29 06:29:10,intraday,USO,LONG,9,124.17,entry (LONG),+0.0000
2026-03-29 06:30:15,intraday,USO,LONG,9,124.17,entry (LONG),+0.0000
2026-03-29 06:31:20,intraday,USO,LONG,9,124.17,entry (LONG),+0.0000
2026-03-29 06:32:25,intraday,USO,LONG,9,124.17,entry (LONG),+0.0000
2026-03-29 06:33:29,intraday,USO,LONG,9,124.17,entry (LONG),+0.0000
2026-03-29 06:33:40,swing,USO,SHORT,9,124.20,entry (SHORT),+0.0000
2026-03-29 06:34:34,intraday,USO,LONG,9,124.17,entry (LONG),+0.0000
2026-03-29 06:35:39,intraday,USO,LONG,9,124.17,entry (LONG),+0.0000
2026-03-29 06:36:43,intraday,USO,LONG,9,124.17,entry (LONG),+0.0000
2026-03-29 06:37:48,intraday,USO,LONG,9,124.17,entry (LONG),+0.0000
2026-03-29 06:39:00,swing,USO,SHORT,9,124.20,entry (SHORT),+0.0000
2026-03-29 06:39:14,intraday,USO,LONG,9,124.17,entry (LONG),+0.0000
2026-03-29 06:40:19,intraday,USO,LONG,9,124.17,entry (LONG),+0.0000
2026-03-29 06:41:23,intraday,USO,LONG,9,124.17,entry (LONG),+0.0000
2026-03-29 06:42:28,intraday,USO,LONG,9,124.17,entry (LONG),+0.0000
2026-03-29 06:43:32,intraday,USO,LONG,9,124.17,entry (LONG),+0.0000
2026-03-29 06:44:17,swing,USO,SHORT,9,124.20,entry (SHORT),+0.0000
2026-03-29 06:44:37,intraday,USO,LONG,9,124.17,entry (LONG),+0.0000
2026-03-29 06:45:42,intraday,USO,LONG,9,124.17,entry (LONG),+0.0000
2026-03-29 06:46:47,intraday,USO,LONG,9,124.17,entry (LONG),+0.0000
2026-03-29 06:47:51,intraday,USO,LONG,9,124.17,entry (LONG),+0.0000
2026-03-29 06:48:56,intraday,USO,LONG,9,124.17,entry (LONG),+0.0000
2026-03-29 06:49:39,swing,USO,SHORT,9,124.20,entry (SHORT),+0.0000
2026-03-29 06:50:01,intraday,USO,LONG,9,124.17,entry (LONG),+0.0000
2026-03-29 06:51:06,intraday,USO,LONG,9,124.17,entry (LONG),+0.0000
2026-03-29 06:52:10,intraday,USO,LONG,9,124.17,entry (LONG),+0.0000
2026-03-29 06:53:16,intraday,USO,LONG,9,124.17,entry (LONG),+0.0000
2026-03-29 06:54:21,intraday,USO,LONG,9,124.17,entry (LONG),+0.0000
2026-03-29 06:54:57,swing,USO,SHORT,9,124.20,entry (SHORT),+0.0000
2026-03-29 06:55:26,intraday,USO,LONG,9,124.17,entry (LONG),+0.0000
2026-03-29 06:56:31,intraday,USO,LONG,9,124.17,entry (LONG),+0.0000
2026-03-29 06:57:35,intraday,USO,LONG,9,124.17,entry (LONG),+0.0000
2026-03-29 06:58:40,intraday,USO,LONG,9,124.17,entry (LONG),+0.0000
2026-03-29 06:59:45,intraday,USO,LONG,9,124.17,entry (LONG),+0.0000
2026-03-29 07:00:17,swing,USO,SHORT,9,124.20,entry (SHORT),+0.0000
2026-03-29 07:00:50,intraday,USO,LONG,9,124.17,entry (LONG),+0.0000
2026-03-29 07:01:54,intraday,USO,LONG,9,124.17,entry (LONG),+0.0000
2026-03-29 07:02:59,intraday,USO,LONG,9,124.17,entry (LONG),+0.0000
2026-03-29 07:04:04,intraday,USO,LONG,9,124.17,entry (LONG),+0.0000
2026-03-29 07:05:09,intraday,USO,LONG,9,124.17,entry (LONG),+0.0000
2026-03-29 07:05:43,swing,USO,SHORT,9,124.20,entry (SHORT),+0.0000
2026-03-29 07:06:13,intraday,USO,LONG,9,124.17,entry (LONG),+0.0000
2026-03-29 07:07:18,intraday,USO,LONG,9,124.17,entry (LONG),+0.0000
2026-03-29 07:08:24,intraday,USO,LONG,9,124.17,entry (LONG),+0.0000
2026-03-29 07:09:29,intraday,USO,LONG,9,124.17,entry (LONG),+0.0000
2026-03-29 07:10:33,intraday,USO,LONG,9,124.17,entry (LONG),+0.0000
2026-03-29 07:11:00,swing,USO,SHORT,9,124.20,entry (SHORT),+0.0000
2026-03-29 07:11:38,intraday,USO,LONG,9,124.17,entry (LONG),+0.0000
2026-03-29 07:12:43,intraday,USO,LONG,9,124.17,entry (LONG),+0.0000
2026-03-29 07:13:49,intraday,USO,LONG,9,124.17,entry (LONG),+0.0000
2026-03-29 07:14:54,intraday,USO,LONG,9,124.17,entry (LONG),+0.0000
2026-03-29 07:15:58,intraday,USO,LONG,9,124.17,entry (LONG),+0.0000
2026-03-29 07:16:19,swing,USO,SHORT,9,124.20,entry (SHORT),+0.0000
2026-03-29 07:17:03,intraday,USO,LONG,9,124.17,entry (LONG),+0.0000
2026-03-29 07:18:08,intraday,USO,LONG,9,124.17,entry (LONG),+0.0000
2026-03-29 07:19:12,intraday,USO,LONG,9,124.17,entry (LONG),+0.0000
2026-03-29 07:20:17,intraday,USO,LONG,9,124.17,entry (LONG),+0.0000
2026-03-29 07:21:22,intraday,USO,LONG,9,124.17,entry (LONG),+0.0000
2026-03-29 07:21:37,swing,USO,SHORT,9,124.20,entry (SHORT),+0.0000
2026-03-29 07:22:27,intraday,USO,LONG,9,124.17,entry (LONG),+0.0000
2026-03-29 07:23:31,intraday,USO,LONG,9,124.17,entry (LONG),+0.0000
2026-03-29 07:24:36,intraday,USO,LONG,9,124.17,entry (LONG),+0.0000
2026-03-29 07:25:41,intraday,USO,LONG,9,124.17,entry (LONG),+0.0000
2026-03-29 07:26:46,intraday,USO,LONG,9,124.17,entry (LONG),+0.0000
2026-03-29 07:26:54,swing,USO,SHORT,9,124.20,entry (SHORT),+0.0000
2026-03-29 07:27:50,intraday,USO,LONG,9,124.17,entry (LONG),+0.0000
2026-03-29 07:28:55,intraday,USO,LONG,9,124.17,entry (LONG),+0.0000
2026-03-29 07:30:00,intraday,USO,LONG,9,124.17,entry (LONG),+0.0000
2026-03-29 07:31:07,intraday,USO,LONG,9,124.17,entry (LONG),+0.0000
2026-03-29 07:32:11,intraday,USO,LONG,9,124.17,entry (LONG),+0.0000
2026-03-29 07:32:11,swing,USO,SHORT,9,124.20,entry (SHORT),+0.0000
2026-03-29 07:33:16,intraday,USO,LONG,9,124.17,entry (LONG),+0.0000
2026-03-29 07:34:20,intraday,USO,LONG,9,124.17,entry (LONG),+0.0000
2026-03-29 07:35:25,intraday,USO,LONG,9,124.17,entry (LONG),+0.0000
2026-03-29 07:36:30,intraday,USO,LONG,9,124.17,entry (LONG),+0.0000
2026-03-29 07:37:34,swing,USO,SHORT,9,124.20,entry (SHORT),+0.0000
2026-03-29 07:37:35,intraday,USO,LONG,9,124.17,entry (LONG),+0.0000
2026-03-29 07:38:39,intraday,USO,LONG,9,124.17,entry (LONG),+0.0000
2026-03-29 07:40:05,intraday,USO,LONG,9,124.17,entry (LONG),+0.0000
2026-03-29 07:41:10,intraday,USO,LONG,9,124.17,entry (LONG),+0.0000
2026-03-29 07:42:15,intraday,USO,LONG,9,124.17,entry (LONG),+0.0000
2026-03-29 07:42:51,swing,USO,SHORT,9,124.20,entry (SHORT),+0.0000
2026-03-29 07:43:19,intraday,USO,LONG,9,124.17,entry (LONG),+0.0000
2026-03-29 07:44:24,intraday,USO,LONG,9,124.17,entry (LONG),+0.0000
2026-03-29 07:45:29,intraday,USO,LONG,9,124.17,entry (LONG),+0.0000
2026-03-29 07:46:34,intraday,USO,LONG,9,124.17,entry (LONG),+0.0000
2026-03-29 07:47:39,intraday,USO,LONG,9,124.17,entry (LONG),+0.0000
2026-03-29 07:48:07,swing,USO,SHORT,9,124.20,entry (SHORT),+0.0000
2026-03-29 07:48:43,intraday,USO,LONG,9,124.17,entry (LONG),+0.0000
2026-03-29 07:49:48,intraday,USO,LONG,9,124.17,entry (LONG),+0.0000
2026-03-29 07:50:53,intraday,USO,LONG,9,124.17,entry (LONG),+0.0000
2026-03-29 07:51:59,intraday,USO,LONG,9,124.17,entry (LONG),+0.0000
2026-03-29 07:53:04,intraday,USO,LONG,9,124.17,entry (LONG),+0.0000
2026-03-29 07:53:27,swing,USO,SHORT,9,124.20,entry (SHORT),+0.0000
2026-03-29 07:54:08,intraday,USO,LONG,9,124.17,entry (LONG),+0.0000
2026-03-29 07:55:13,intraday,USO,LONG,9,124.17,entry (LONG),+0.0000
2026-03-29 07:56:18,intraday,USO,LONG,9,124.17,entry (LONG),+0.0000
2026-03-29 07:57:23,intraday,USO,LONG,9,124.17,entry (LONG),+0.0000
2026-03-29 07:58:28,intraday,USO,LONG,9,124.17,entry (LONG),+0.0000
2026-03-29 07:58:44,swing,USO,SHORT,9,124.20,entry (SHORT),+0.0000
2026-03-29 07:59:35,intraday,USO,LONG,9,124.17,entry (LONG),+0.0000
2026-03-29 08:00:40,intraday,USO,LONG,9,124.17,entry (LONG),+0.0000
2026-03-29 08:01:46,intraday,USO,LONG,9,124.17,entry (LONG),+0.0000
2026-03-29 08:02:51,intraday,USO,LONG,9,124.17,entry (LONG),+0.0000
2026-03-29 08:03:56,intraday,USO,LONG,9,124.17,entry (LONG),+0.0000
2026-03-29 08:04:02,swing,USO,SHORT,9,124.20,entry (SHORT),+0.0000
2026-03-29 08:05:01,intraday,USO,LONG,9,124.17,entry (LONG),+0.0000
2026-03-29 08:06:06,intraday,USO,LONG,9,124.17,entry (LONG),+0.0000
2026-03-29 08:07:11,intraday,USO,LONG,9,124.17,entry (LONG),+0.0000
2026-03-29 08:08:17,intraday,USO,LONG,9,124.17,entry (LONG),+0.0000
2026-03-29 08:09:21,intraday,USO,LONG,9,124.17,entry (LONG),+0.0000
2026-03-29 08:09:22,swing,USO,SHORT,9,124.20,entry (SHORT),+0.0000
2026-03-29 08:10:26,intraday,USO,LONG,9,124.17,entry (LONG),+0.0000
2026-03-29 08:11:31,intraday,USO,LONG,9,124.17,entry (LONG),+0.0000
2026-03-29 08:12:36,intraday,USO,LONG,9,124.17,entry (LONG),+0.0000
2026-03-29 08:13:41,intraday,USO,LONG,9,124.17,entry (LONG),+0.0000
2026-03-29 08:14:41,swing,USO,SHORT,9,124.20,entry (SHORT),+0.0000
2026-03-29 08:14:45,intraday,USO,LONG,9,124.17,entry (LONG),+0.0000
2026-03-29 08:15:52,intraday,USO,LONG,9,124.17,entry (LONG),+0.0000
2026-03-29 08:16:57,intraday,USO,LONG,9,124.17,entry (LONG),+0.0000
2026-03-29 08:18:01,intraday,USO,LONG,9,124.17,entry (LONG),+0.0000
2026-03-29 08:19:06,intraday,USO,LONG,9,124.17,entry (LONG),+0.0000
2026-03-29 08:19:59,swing,USO,SHORT,9,124.20,entry (SHORT),+0.0000
2026-03-29 08:20:11,intraday,USO,LONG,9,124.17,entry (LONG),+0.0000
2026-03-29 08:21:15,intraday,USO,LONG,9,124.17,entry (LONG),+0.0000
2026-03-29 08:22:20,intraday,USO,LONG,9,124.17,entry (LONG),+0.0000
2026-03-29 08:23:28,intraday,USO,LONG,9,124.17,entry (LONG),+0.0000
2026-03-29 08:24:32,intraday,USO,LONG,9,124.17,entry (LONG),+0.0000
2026-03-29 08:25:20,swing,USO,SHORT,9,124.20,entry (SHORT),+0.0000
2026-03-29 08:25:37,intraday,USO,LONG,9,124.17,entry (LONG),+0.0000
2026-03-29 08:26:43,intraday,USO,LONG,9,124.17,entry (LONG),+0.0000
2026-03-29 08:27:48,intraday,USO,LONG,9,124.17,entry (LONG),+0.0000
2026-03-29 08:28:52,intraday,USO,LONG,9,124.17,entry (LONG),+0.0000
2026-03-29 08:29:57,intraday,USO,LONG,9,124.17,entry (LONG),+0.0000
2026-03-29 08:30:40,swing,USO,SHORT,9,124.20,entry (SHORT),+0.0000
2026-03-29 08:31:03,intraday,USO,LONG,9,124.17,entry (LONG),+0.0000
2026-03-29 08:32:09,intraday,USO,LONG,9,124.17,entry (LONG),+0.0000
2026-03-29 08:33:19,intraday,USO,LONG,9,124.17,entry (LONG),+0.0000
2026-03-29 08:34:25,intraday,USO,LONG,9,124.17,entry (LONG),+0.0000
2026-03-29 08:35:30,intraday,USO,LONG,9,124.17,entry (LONG),+0.0000
2026-03-29 08:36:01,swing,USO,SHORT,9,124.20,entry (SHORT),+0.0000
2026-03-29 08:36:35,intraday,USO,LONG,9,124.17,entry (LONG),+0.0000
2026-03-29 08:37:40,intraday,USO,LONG,9,124.17,entry (LONG),+0.0000
2026-03-29 08:38:45,intraday,USO,LONG,9,124.17,entry (LONG),+0.0000
2026-03-29 08:40:12,intraday,USO,LONG,9,124.17,entry (LONG),+0.0000
2026-03-29 08:41:17,intraday,USO,LONG,9,124.17,entry (LONG),+0.0000
2026-03-29 08:41:19,swing,USO,SHORT,9,124.20,entry (SHORT),+0.0000
2026-03-29 08:42:22,intraday,USO,LONG,9,124.17,entry (LONG),+0.0000
2026-03-29 08:43:26,intraday,USO,LONG,9,124.17,entry (LONG),+0.0000
2026-03-29 08:44:32,intraday,USO,LONG,9,124.17,entry (LONG),+0.0000
2026-03-29 08:45:36,intraday,USO,LONG,9,124.17,entry (LONG),+0.0000
2026-03-29 08:46:37,swing,USO,SHORT,9,124.20,entry (SHORT),+0.0000
2026-03-29 08:46:41,intraday,USO,LONG,9,124.17,entry (LONG),+0.0000
2026-03-29 08:47:46,intraday,USO,LONG,9,124.17,entry (LONG),+0.0000
2026-03-29 08:48:51,intraday,USO,LONG,9,124.17,entry (LONG),+0.0000
2026-03-29 08:49:56,intraday,USO,LONG,9,124.17,entry (LONG),+0.0000
2026-03-29 08:51:01,intraday,USO,LONG,9,124.17,entry (LONG),+0.0000
2026-03-29 08:51:53,swing,USO,SHORT,9,124.20,entry (SHORT),+0.0000
2026-03-29 08:52:05,intraday,USO,LONG,9,124.17,entry (LONG),+0.0000
2026-03-29 08:53:10,intraday,USO,LONG,9,124.17,entry (LONG),+0.0000
2026-03-29 08:54:15,intraday,USO,LONG,9,124.17,entry (LONG),+0.0000
2026-03-29 08:55:20,intraday,USO,LONG,9,124.17,entry (LONG),+0.0000
2026-03-29 08:56:26,intraday,USO,LONG,9,124.17,entry (LONG),+0.0000
2026-03-29 08:57:13,swing,USO,SHORT,9,124.20,entry (SHORT),+0.0000
2026-03-29 08:57:31,intraday,USO,LONG,9,124.17,entry (LONG),+0.0000
2026-03-29 08:58:36,intraday,USO,LONG,9,124.17,entry (LONG),+0.0000
2026-03-29 08:59:41,intraday,USO,LONG,9,124.17,entry (LONG),+0.0000
2026-03-29 09:02:31,swing,USO,SHORT,9,124.20,entry (SHORT),+0.0000
2026-03-29 09:07:48,swing,USO,SHORT,9,124.20,entry (SHORT),+0.0000
2026-03-29 09:13:05,swing,USO,SHORT,9,124.20,entry (SHORT),+0.0000
2026-03-29 09:18:22,swing,USO,SHORT,9,124.20,entry (SHORT),+0.0000
2026-03-29 09:23:39,swing,USO,SHORT,9,124.20,entry (SHORT),+0.0000
2026-03-29 09:28:56,swing,USO,SHORT,9,124.20,entry (SHORT),+0.0000
2026-03-29 09:34:13,swing,USO,SHORT,9,124.20,entry (SHORT),+0.0000
2026-03-29 09:39:32,swing,USO,SHORT,9,124.20,entry (SHORT),+0.0000
2026-03-29 09:44:49,swing,USO,SHORT,9,124.20,entry (SHORT),+0.0000
2026-03-29 09:50:08,swing,USO,SHORT,9,124.20,entry (SHORT),+0.0000
2026-03-29 09:55:27,swing,USO,SHORT,9,124.20,entry (SHORT),+0.0000
2026-03-29 10:00:42,intraday,USO,LONG,9,124.17,entry (LONG),+0.0000
2026-03-29 10:00:45,swing,USO,SHORT,9,124.20,entry (SHORT),+0.0000
2026-03-29 10:01:47,intraday,USO,LONG,9,124.17,entry (LONG),+0.0000
2026-03-29 10:02:51,intraday,USO,LONG,9,124.17,entry (LONG),+0.0000
2026-03-29 10:03:56,intraday,USO,LONG,9,124.17,entry (LONG),+0.0000
2026-03-29 10:05:02,intraday,USO,LONG,9,124.17,entry (LONG),+0.0000
2026-03-29 10:06:02,swing,USO,SHORT,9,124.20,entry (SHORT),+0.0000
2026-03-29 10:06:07,intraday,USO,LONG,9,124.17,entry (LONG),+0.0000
2026-03-29 10:07:11,intraday,USO,LONG,9,124.17,entry (LONG),+0.0000
2026-03-29 10:08:16,intraday,USO,LONG,9,124.17,entry (LONG),+0.0000
2026-03-29 10:09:21,intraday,USO,LONG,9,124.17,entry (LONG),+0.0000
2026-03-29 10:10:25,intraday,USO,LONG,9,124.17,entry (LONG),+0.0000
2026-03-29 10:11:20,swing,USO,SHORT,9,124.20,entry (SHORT),+0.0000
2026-03-29 10:11:30,intraday,USO,LONG,9,124.17,entry (LONG),+0.0000
2026-03-29 10:12:35,intraday,USO,LONG,9,124.17,entry (LONG),+0.0000
2026-03-29 10:13:40,intraday,USO,LONG,9,124.17,entry (LONG),+0.0000
2026-03-29 10:14:45,intraday,USO,LONG,9,124.17,entry (LONG),+0.0000
2026-03-29 10:15:49,intraday,USO,LONG,9,124.17,entry (LONG),+0.0000
2026-03-29 10:16:37,swing,USO,SHORT,9,124.20,entry (SHORT),+0.0000
2026-03-29 10:16:54,intraday,USO,LONG,9,124.17,entry (LONG),+0.0000
2026-03-29 10:17:59,intraday,USO,LONG,9,124.17,entry (LONG),+0.0000
2026-03-29 10:19:03,intraday,USO,LONG,9,124.17,entry (LONG),+0.0000
2026-03-29 10:20:08,intraday,USO,LONG,9,124.17,entry (LONG),+0.0000
2026-03-29 10:21:13,intraday,USO,LONG,9,124.17,entry (LONG),+0.0000
2026-03-29 10:21:54,swing,USO,SHORT,9,124.20,entry (SHORT),+0.0000
2026-03-29 10:22:18,intraday,USO,LONG,9,124.17,entry (LONG),+0.0000
2026-03-29 10:23:23,intraday,USO,LONG,9,124.17,entry (LONG),+0.0000
2026-03-29 10:24:28,intraday,USO,LONG,9,124.17,entry (LONG),+0.0000
2026-03-29 10:25:33,intraday,USO,LONG,9,124.17,entry (LONG),+0.0000
2026-03-29 10:26:38,intraday,USO,LONG,9,124.17,entry (LONG),+0.0000
2026-03-29 10:27:11,swing,USO,SHORT,9,124.20,entry (SHORT),+0.0000
2026-03-29 10:27:43,intraday,USO,LONG,9,124.17,entry (LONG),+0.0000
2026-03-29 10:28:49,intraday,USO,LONG,9,124.17,entry (LONG),+0.0000
2026-03-29 10:29:53,intraday,USO,LONG,9,124.17,entry (LONG),+0.0000
2026-03-29 10:30:58,intraday,USO,LONG,9,124.17,entry (LONG),+0.0000
2026-03-29 10:32:03,intraday,USO,LONG,9,124.17,entry (LONG),+0.0000
2026-03-29 10:32:28,swing,USO,SHORT,9,124.20,entry (SHORT),+0.0000
2026-03-29 10:33:07,intraday,USO,LONG,9,124.17,entry (LONG),+0.0000
2026-03-29 10:34:12,intraday,USO,LONG,9,124.17,entry (LONG),+0.0000
2026-03-29 10:35:17,intraday,USO,LONG,9,124.17,entry (LONG),+0.0000
2026-03-29 10:36:21,intraday,USO,LONG,9,124.17,entry (LONG),+0.0000
2026-03-29 10:37:26,intraday,USO,LONG,9,124.17,entry (LONG),+0.0000
2026-03-29 10:37:48,swing,USO,SHORT,9,124.20,entry (SHORT),+0.0000
2026-03-29 10:38:32,intraday,USO,LONG,9,124.17,entry (LONG),+0.0000
2026-03-29 10:39:36,intraday,USO,LONG,9,124.17,entry (LONG),+0.0000
2026-03-29 10:41:04,intraday,USO,LONG,9,124.17,entry (LONG),+0.0000
2026-03-29 10:42:09,intraday,USO,LONG,9,124.17,entry (LONG),+0.0000
2026-03-29 10:43:09,swing,USO,SHORT,9,124.20,entry (SHORT),+0.0000
2026-03-29 10:43:13,intraday,USO,LONG,9,124.17,entry (LONG),+0.0000
2026-03-29 10:44:20,intraday,USO,LONG,9,124.17,entry (LONG),+0.0000
2026-03-29 10:45:25,intraday,USO,LONG,9,124.17,entry (LONG),+0.0000
2026-03-29 10:46:30,intraday,USO,LONG,9,124.17,entry (LONG),+0.0000
2026-03-29 10:47:35,intraday,USO,LONG,9,124.17,entry (LONG),+0.0000
2026-03-29 10:48:30,swing,USO,SHORT,9,124.20,entry (SHORT),+0.0000
2026-03-29 10:48:39,intraday,USO,LONG,9,124.17,entry (LONG),+0.0000
2026-03-29 10:49:45,intraday,USO,LONG,9,124.17,entry (LONG),+0.0000
2026-03-29 10:50:49,intraday,USO,LONG,9,124.17,entry (LONG),+0.0000
2026-03-29 10:52:05,intraday,USO,LONG,9,124.17,entry (LONG),+0.0000
2026-03-29 10:53:10,intraday,USO,LONG,9,124.17,entry (LONG),+0.0000
2026-03-29 10:53:49,swing,USO,SHORT,9,124.20,entry (SHORT),+0.0000
2026-03-29 10:54:14,intraday,USO,LONG,9,124.17,entry (LONG),+0.0000
2026-03-29 10:55:20,intraday,USO,LONG,9,124.17,entry (LONG),+0.0000
2026-03-29 10:56:24,intraday,USO,LONG,9,124.17,entry (LONG),+0.0000
2026-03-29 10:57:29,intraday,USO,LONG,9,124.17,entry (LONG),+0.0000
2026-03-29 10:58:33,intraday,USO,LONG,9,124.17,entry (LONG),+0.0000
2026-03-29 10:59:07,swing,USO,SHORT,9,124.20,entry (SHORT),+0.0000
2026-03-29 10:59:38,intraday,USO,LONG,9,124.17,entry (LONG),+0.0000
2026-03-29 11:00:44,intraday,USO,LONG,9,124.17,entry (LONG),+0.0000
2026-03-29 11:01:49,intraday,USO,LONG,9,124.17,entry (LONG),+0.0000
2026-03-29 11:02:53,intraday,USO,LONG,9,124.17,entry (LONG),+0.0000
2026-03-29 11:03:57,intraday,USO,LONG,9,124.17,entry (LONG),+0.0000
2026-03-29 11:04:24,swing,USO,SHORT,9,124.20,entry (SHORT),+0.0000
2026-03-29 11:05:02,intraday,USO,LONG,9,124.17,entry (LONG),+0.0000
2026-03-29 11:06:07,intraday,USO,LONG,9,124.17,entry (LONG),+0.0000
2026-03-29 11:07:15,intraday,USO,LONG,9,124.17,entry (LONG),+0.0000
2026-03-29 11:08:20,intraday,USO,LONG,9,124.17,entry (LONG),+0.0000
2026-03-29 11:09:25,intraday,USO,LONG,9,124.17,entry (LONG),+0.0000
2026-03-29 11:09:43,swing,USO,SHORT,9,124.20,entry (SHORT),+0.0000
2026-03-29 11:10:30,intraday,USO,LONG,9,124.17,entry (LONG),+0.0000
2026-03-29 11:11:35,intraday,USO,LONG,9,124.17,entry (LONG),+0.0000
2026-03-29 11:12:39,intraday,USO,LONG,9,124.17,entry (LONG),+0.0000
2026-03-29 11:13:44,intraday,USO,LONG,9,124.17,entry (LONG),+0.0000
2026-03-29 11:14:48,intraday,USO,LONG,9,124.17,entry (LONG),+0.0000
2026-03-29 11:15:00,swing,USO,SHORT,9,124.20,entry (SHORT),+0.0000
2026-03-29 11:15:53,intraday,USO,LONG,9,124.17,entry (LONG),+0.0000
2026-03-29 11:16:58,intraday,USO,LONG,9,124.17,entry (LONG),+0.0000
2026-03-29 11:18:03,intraday,USO,LONG,9,124.17,entry (LONG),+0.0000
2026-03-29 11:19:07,intraday,USO,LONG,9,124.17,entry (LONG),+0.0000
2026-03-29 11:20:13,intraday,USO,LONG,9,124.17,entry (LONG),+0.0000
2026-03-29 11:20:24,swing,USO,SHORT,9,124.20,entry (SHORT),+0.0000
2026-03-29 11:21:18,intraday,USO,LONG,9,124.17,entry (LONG),+0.0000
2026-03-29 11:22:23,intraday,USO,LONG,9,124.17,entry (LONG),+0.0000
2026-03-29 11:23:30,intraday,USO,LONG,9,124.17,entry (LONG),+0.0000
2026-03-29 11:24:34,intraday,USO,LONG,9,124.17,entry (LONG),+0.0000
2026-03-29 11:25:39,intraday,USO,LONG,9,124.17,entry (LONG),+0.0000
2026-03-29 11:25:48,swing,USO,SHORT,9,124.20,entry (SHORT),+0.0000
2026-03-29 11:26:43,intraday,USO,LONG,9,124.17,entry (LONG),+0.0000
2026-03-29 11:27:48,intraday,USO,LONG,9,124.17,entry (LONG),+0.0000
2026-03-29 11:28:52,intraday,USO,LONG,9,124.17,entry (LONG),+0.0000
2026-03-29 11:29:57,intraday,USO,LONG,9,124.17,entry (LONG),+0.0000
2026-03-29 11:31:01,intraday,USO,LONG,9,124.17,entry (LONG),+0.0000
2026-03-29 11:31:05,swing,USO,SHORT,9,124.20,entry (SHORT),+0.0000
2026-03-29 11:32:06,intraday,USO,LONG,9,124.17,entry (LONG),+0.0000
2026-03-29 11:33:11,intraday,USO,LONG,9,124.17,entry (LONG),+0.0000
2026-03-29 11:34:15,intraday,USO,LONG,9,124.17,entry (LONG),+0.0000
2026-03-29 11:35:20,intraday,USO,LONG,9,124.17,entry (LONG),+0.0000
2026-03-29 11:36:24,swing,USO,SHORT,9,124.20,entry (SHORT),+0.0000
2026-03-29 11:36:25,intraday,USO,LONG,9,124.17,entry (LONG),+0.0000
2026-03-29 11:37:29,intraday,USO,LONG,9,124.17,entry (LONG),+0.0000
2026-03-29 11:38:33,intraday,USO,LONG,9,124.17,entry (LONG),+0.0000
2026-03-29 11:39:38,intraday,USO,LONG,9,124.17,entry (LONG),+0.0000
2026-03-29 11:40:42,intraday,USO,LONG,9,124.17,entry (LONG),+0.0000
2026-03-29 11:41:43,swing,USO,SHORT,9,124.20,entry (SHORT),+0.0000
2026-03-29 11:42:08,intraday,USO,LONG,9,124.17,entry (LONG),+0.0000
2026-03-29 11:43:13,intraday,USO,LONG,9,124.17,entry (LONG),+0.0000
2026-03-29 11:44:18,intraday,USO,LONG,9,124.17,entry (LONG),+0.0000
2026-03-29 11:45:22,intraday,USO,LONG,9,124.17,entry (LONG),+0.0000
2026-03-29 11:46:27,intraday,USO,LONG,9,124.17,entry (LONG),+0.0000
2026-03-29 11:47:02,swing,USO,SHORT,9,124.20,entry (SHORT),+0.0000
2026-03-29 11:47:31,intraday,USO,LONG,9,124.17,entry (LONG),+0.0000
2026-03-29 11:48:36,intraday,USO,LONG,9,124.17,entry (LONG),+0.0000
2026-03-29 11:49:41,intraday,USO,LONG,9,124.17,entry (LONG),+0.0000
2026-03-29 11:50:45,intraday,USO,LONG,9,124.17,entry (LONG),+0.0000
2026-03-29 11:51:50,intraday,USO,LONG,9,124.17,entry (LONG),+0.0000
2026-03-29 11:52:18,swing,USO,SHORT,9,124.20,entry (SHORT),+0.0000
2026-03-29 11:52:55,intraday,USO,LONG,9,124.17,entry (LONG),+0.0000
2026-03-29 11:53:59,intraday,USO,LONG,9,124.17,entry (LONG),+0.0000
2026-03-29 11:55:04,intraday,USO,LONG,9,124.17,entry (LONG),+0.0000
2026-03-29 11:56:09,intraday,USO,LONG,9,124.17,entry (LONG),+0.0000
2026-03-29 11:57:14,intraday,USO,LONG,9,124.17,entry (LONG),+0.0000
2026-03-29 11:57:36,swing,USO,SHORT,9,124.20,entry (SHORT),+0.0000
2026-03-29 11:58:18,intraday,USO,LONG,9,124.17,entry (LONG),+0.0000
2026-03-29 11:59:23,intraday,USO,LONG,9,124.17,entry (LONG),+0.0000
2026-03-29 12:00:30,intraday,USO,LONG,9,124.17,entry (LONG),+0.0000
2026-03-29 12:01:35,intraday,USO,LONG,9,124.17,entry (LONG),+0.0000
2026-03-29 12:02:39,intraday,USO,LONG,9,124.17,entry (LONG),+0.0000
2026-03-29 12:02:59,swing,USO,SHORT,9,124.20,entry (SHORT),+0.0000
2026-03-29 12:03:43,intraday,USO,LONG,9,124.17,entry (LONG),+0.0000
2026-03-29 12:04:48,intraday,USO,LONG,9,124.17,entry (LONG),+0.0000
2026-03-29 12:05:53,intraday,USO,LONG,9,124.17,entry (LONG),+0.0000
2026-03-29 12:06:58,intraday,USO,LONG,9,124.17,entry (LONG),+0.0000
2026-03-29 12:08:03,intraday,USO,LONG,9,124.17,entry (LONG),+0.0000
2026-03-29 12:08:21,swing,USO,SHORT,9,124.20,entry (SHORT),+0.0000
2026-03-29 12:09:07,intraday,USO,LONG,9,124.17,entry (LONG),+0.0000
2026-03-29 12:10:12,intraday,USO,LONG,9,124.17,entry (LONG),+0.0000
2026-03-29 12:11:17,intraday,USO,LONG,9,124.17,entry (LONG),+0.0000
2026-03-29 12:12:22,intraday,USO,LONG,9,124.17,entry (LONG),+0.0000
2026-03-29 12:13:28,intraday,USO,LONG,9,124.17,entry (LONG),+0.0000
2026-03-29 12:13:44,swing,USO,SHORT,9,124.20,entry (SHORT),+0.0000
2026-03-29 12:14:33,intraday,USO,LONG,9,124.17,entry (LONG),+0.0000
2026-03-29 12:15:37,intraday,USO,LONG,9,124.17,entry (LONG),+0.0000
2026-03-29 12:16:42,intraday,USO,LONG,9,124.17,entry (LONG),+0.0000
2026-03-29 12:17:47,intraday,USO,LONG,9,124.17,entry (LONG),+0.0000
2026-03-29 12:18:51,intraday,USO,LONG,9,124.17,entry (LONG),+0.0000
2026-03-29 12:19:02,swing,USO,SHORT,9,124.20,entry (SHORT),+0.0000
2026-03-29 12:19:56,intraday,USO,LONG,9,124.17,entry (LONG),+0.0000
2026-03-29 12:21:00,intraday,USO,LONG,9,124.17,entry (LONG),+0.0000
2026-03-29 12:22:05,intraday,USO,LONG,9,124.17,entry (LONG),+0.0000
2026-03-29 12:23:10,intraday,USO,LONG,9,124.17,entry (LONG),+0.0000
2026-03-29 12:24:15,intraday,USO,LONG,9,124.17,entry (LONG),+0.0000
2026-03-29 12:24:20,swing,USO,SHORT,9,124.20,entry (SHORT),+0.0000
2026-03-29 12:25:20,intraday,USO,LONG,9,124.17,entry (LONG),+0.0000
2026-03-29 12:26:24,intraday,USO,LONG,9,124.17,entry (LONG),+0.0000
2026-03-29 12:27:29,intraday,USO,LONG,9,124.17,entry (LONG),+0.0000
2026-03-29 12:28:34,intraday,USO,LONG,9,124.17,entry (LONG),+0.0000
2026-03-29 12:29:38,intraday,USO,LONG,9,124.17,entry (LONG),+0.0000
2026-03-29 12:29:39,swing,USO,SHORT,9,124.20,entry (SHORT),+0.0000
2026-03-29 12:30:45,intraday,USO,LONG,9,124.17,entry (LONG),+0.0000
2026-03-29 12:31:51,intraday,USO,LONG,9,124.17,entry (LONG),+0.0000
2026-03-29 12:32:56,intraday,USO,LONG,9,124.17,entry (LONG),+0.0000
2026-03-29 12:34:01,intraday,USO,LONG,9,124.17,entry (LONG),+0.0000
2026-03-29 12:34:58,swing,USO,SHORT,9,124.20,entry (SHORT),+0.0000
2026-03-29 12:35:05,intraday,USO,LONG,9,124.17,entry (LONG),+0.0000
2026-03-29 12:36:10,intraday,USO,LONG,9,124.17,entry (LONG),+0.0000
2026-03-29 12:37:15,intraday,USO,LONG,9,124.17,entry (LONG),+0.0000
2026-03-29 12:38:19,intraday,USO,LONG,9,124.17,entry (LONG),+0.0000
2026-03-29 12:39:24,intraday,USO,LONG,9,124.17,entry (LONG),+0.0000
2026-03-29 12:40:17,swing,USO,SHORT,9,124.20,entry (SHORT),+0.0000
2026-03-29 12:40:29,intraday,USO,LONG,9,124.17,entry (LONG),+0.0000
2026-03-29 12:41:34,intraday,USO,LONG,9,124.17,entry (LONG),+0.0000
2026-03-29 12:43:04,intraday,USO,LONG,9,124.17,entry (LONG),+0.0000
2026-03-29 12:44:09,intraday,USO,LONG,9,124.17,entry (LONG),+0.0000
2026-03-29 12:45:14,intraday,USO,LONG,9,124.17,entry (LONG),+0.0000
2026-03-29 12:45:38,swing,USO,SHORT,9,124.20,entry (SHORT),+0.0000
2026-03-29 12:46:19,intraday,USO,LONG,9,124.17,entry (LONG),+0.0000
2026-03-29 12:47:24,intraday,USO,LONG,9,124.17,entry (LONG),+0.0000
2026-03-29 12:48:29,intraday,USO,LONG,9,124.17,entry (LONG),+0.0000
2026-03-29 12:49:34,intraday,USO,LONG,9,124.17,entry (LONG),+0.0000
2026-03-29 12:50:39,intraday,USO,LONG,9,124.17,entry (LONG),+0.0000
2026-03-29 12:50:56,swing,USO,SHORT,9,124.20,entry (SHORT),+0.0000
2026-03-29 12:51:44,intraday,USO,LONG,9,124.17,entry (LONG),+0.0000
2026-03-29 12:52:53,intraday,USO,LONG,9,124.17,entry (LONG),+0.0000
2026-03-29 12:53:59,intraday,USO,LONG,9,124.17,entry (LONG),+0.0000
2026-03-29 12:55:03,intraday,USO,LONG,9,124.17,entry (LONG),+0.0000
2026-03-29 12:56:08,intraday,USO,LONG,9,124.17,entry (LONG),+0.0000
2026-03-29 12:56:17,swing,USO,SHORT,9,124.20,entry (SHORT),+0.0000
2026-03-29 12:57:12,intraday,USO,LONG,9,124.17,entry (LONG),+0.0000
2026-03-29 12:58:17,intraday,USO,LONG,9,124.17,entry (LONG),+0.0000
2026-03-29 12:59:22,intraday,USO,LONG,9,124.17,entry (LONG),+0.0000
2026-03-29 13:00:27,intraday,USO,LONG,9,124.17,entry (LONG),+0.0000
2026-03-29 13:01:31,intraday,USO,LONG,9,124.17,entry (LONG),+0.0000
2026-03-29 13:01:33,swing,USO,SHORT,9,124.20,entry (SHORT),+0.0000
2026-03-29 13:02:35,intraday,USO,LONG,9,124.17,entry (LONG),+0.0000
2026-03-29 13:03:40,intraday,USO,LONG,9,124.17,entry (LONG),+0.0000
2026-03-29 13:04:45,intraday,USO,LONG,9,124.17,entry (LONG),+0.0000
2026-03-29 13:05:49,intraday,USO,LONG,9,124.17,entry (LONG),+0.0000
2026-03-29 13:06:50,swing,USO,SHORT,9,124.20,entry (SHORT),+0.0000
2026-03-29 13:06:53,intraday,USO,LONG,9,124.17,entry (LONG),+0.0000
2026-03-29 13:07:58,intraday,USO,LONG,9,124.17,entry (LONG),+0.0000
2026-03-29 13:09:02,intraday,USO,LONG,9,124.17,entry (LONG),+0.0000
2026-03-29 13:10:07,intraday,USO,LONG,9,124.17,entry (LONG),+0.0000
2026-03-29 13:11:12,intraday,USO,LONG,9,124.17,entry (LONG),+0.0000
2026-03-29 13:12:07,swing,USO,SHORT,9,124.20,entry (SHORT),+0.0000
2026-03-29 13:12:16,intraday,USO,LONG,9,124.17,entry (LONG),+0.0000
2026-03-29 13:13:21,intraday,USO,LONG,9,124.17,entry (LONG),+0.0000
2026-03-29 13:14:25,intraday,USO,LONG,9,124.17,entry (LONG),+0.0000
2026-03-29 13:15:30,intraday,USO,LONG,9,124.17,entry (LONG),+0.0000
2026-03-29 13:16:34,intraday,USO,LONG,9,124.17,entry (LONG),+0.0000
2026-03-29 13:17:24,swing,USO,SHORT,9,124.20,entry (SHORT),+0.0000
2026-03-29 13:17:40,intraday,USO,LONG,9,124.17,entry (LONG),+0.0000
2026-03-29 13:18:44,intraday,USO,LONG,9,124.17,entry (LONG),+0.0000
2026-03-29 13:19:49,intraday,USO,LONG,9,124.17,entry (LONG),+0.0000
2026-03-29 13:20:54,intraday,USO,LONG,9,124.17,entry (LONG),+0.0000
2026-03-29 13:21:58,intraday,USO,LONG,9,124.17,entry (LONG),+0.0000
2026-03-29 13:22:40,swing,USO,SHORT,9,124.20,entry (SHORT),+0.0000
2026-03-29 13:23:03,intraday,USO,LONG,9,124.17,entry (LONG),+0.0000
2026-03-29 13:24:07,intraday,USO,LONG,9,124.17,entry (LONG),+0.0000
2026-03-29 13:25:12,intraday,USO,LONG,9,124.17,entry (LONG),+0.0000
2026-03-29 13:26:17,intraday,USO,LONG,9,124.17,entry (LONG),+0.0000
2026-03-29 13:27:21,intraday,USO,LONG,9,124.17,entry (LONG),+0.0000
2026-03-29 13:27:57,swing,USO,SHORT,9,124.20,entry (SHORT),+0.0000
2026-03-29 13:28:26,intraday,USO,LONG,9,124.17,entry (LONG),+0.0000
2026-03-29 13:29:33,intraday,USO,LONG,9,124.17,entry (LONG),+0.0000
2026-03-29 13:30:38,intraday,USO,LONG,9,124.17,entry (LONG),+0.0000
2026-03-29 13:31:42,intraday,USO,LONG,9,124.17,entry (LONG),+0.0000
2026-03-29 13:32:47,intraday,USO,LONG,9,124.17,entry (LONG),+0.0000
2026-03-29 13:33:19,swing,USO,SHORT,9,124.20,entry (SHORT),+0.0000
2026-03-29 13:33:51,intraday,USO,LONG,9,124.17,entry (LONG),+0.0000
2026-03-29 13:34:55,intraday,USO,LONG,9,124.17,entry (LONG),+0.0000
2026-03-29 13:36:00,intraday,USO,LONG,9,124.17,entry (LONG),+0.0000
2026-03-29 13:37:05,intraday,USO,LONG,9,124.17,entry (LONG),+0.0000
2026-03-29 13:38:10,intraday,USO,LONG,9,124.17,entry (LONG),+0.0000
2026-03-29 13:38:37,swing,USO,SHORT,9,124.20,entry (SHORT),+0.0000
2026-03-29 13:39:14,intraday,USO,LONG,9,124.17,entry (LONG),+0.0000
2026-03-29 13:40:20,intraday,USO,LONG,9,124.17,entry (LONG),+0.0000
2026-03-29 13:41:24,intraday,USO,LONG,9,124.17,entry (LONG),+0.0000
2026-03-29 13:42:32,intraday,USO,LONG,9,124.17,entry (LONG),+0.0000
2026-03-29 13:43:57,swing,USO,SHORT,9,124.20,entry (SHORT),+0.0000
2026-03-29 13:43:57,intraday,USO,LONG,9,124.17,entry (LONG),+0.0000
2026-03-29 13:45:02,intraday,USO,LONG,9,124.17,entry (LONG),+0.0000
2026-03-29 13:46:07,intraday,USO,LONG,9,124.17,entry (LONG),+0.0000
2026-03-29 13:47:12,intraday,USO,LONG,9,124.17,entry (LONG),+0.0000
2026-03-29 13:48:17,intraday,USO,LONG,9,124.17,entry (LONG),+0.0000
2026-03-29 13:49:22,intraday,USO,LONG,9,124.17,entry (LONG),+0.0000
2026-03-29 13:49:23,swing,USO,SHORT,9,124.20,entry (SHORT),+0.0000
2026-03-29 13:50:27,intraday,USO,LONG,9,124.17,entry (LONG),+0.0000
2026-03-29 13:51:31,intraday,USO,LONG,9,124.17,entry (LONG),+0.0000
2026-03-29 13:52:36,intraday,USO,LONG,9,124.17,entry (LONG),+0.0000
2026-03-29 13:53:41,intraday,USO,LONG,9,124.17,entry (LONG),+0.0000
2026-03-29 13:54:42,swing,USO,SHORT,9,124.20,entry (SHORT),+0.0000
2026-03-29 13:54:45,intraday,USO,LONG,9,124.17,entry (LONG),+0.0000
2026-03-29 13:55:50,intraday,USO,LONG,9,124.17,entry (LONG),+0.0000
2026-03-29 13:56:55,intraday,USO,LONG,9,124.17,entry (LONG),+0.0000
2026-03-29 13:58:01,intraday,USO,LONG,9,124.17,entry (LONG),+0.0000
2026-03-29 13:59:05,intraday,USO,LONG,9,124.17,entry (LONG),+0.0000
2026-03-29 14:00:00,swing,USO,SHORT,9,124.20,entry (SHORT),+0.0000
2026-03-29 14:00:11,intraday,USO,LONG,9,124.17,entry (LONG),+0.0000
2026-03-29 14:01:16,intraday,USO,LONG,9,124.17,entry (LONG),+0.0000
2026-03-29 14:02:22,intraday,USO,LONG,9,124.17,entry (LONG),+0.0000
2026-03-29 14:03:28,intraday,USO,LONG,9,124.17,entry (LONG),+0.0000
2026-03-29 14:04:35,intraday,USO,LONG,9,124.17,entry (LONG),+0.0000
2026-03-29 14:05:25,swing,USO,SHORT,9,124.20,entry (SHORT),+0.0000
2026-03-29 14:05:39,intraday,USO,LONG,9,124.17,entry (LONG),+0.0000
2026-03-29 14:06:44,intraday,USO,LONG,9,124.17,entry (LONG),+0.0000
2026-03-29 14:07:48,intraday,USO,LONG,9,124.17,entry (LONG),+0.0000
2026-03-29 14:08:54,intraday,USO,LONG,9,124.17,entry (LONG),+0.0000
2026-03-29 14:09:58,intraday,USO,LONG,9,124.17,entry (LONG),+0.0000
2026-03-29 14:10:45,swing,USO,SHORT,9,124.20,entry (SHORT),+0.0000
2026-03-29 14:11:03,intraday,USO,LONG,9,124.17,entry (LONG),+0.0000
2026-03-29 14:12:37,intraday,USO,LONG,9,124.17,entry (LONG),+0.0000
2026-03-29 14:13:42,intraday,USO,LONG,9,124.17,entry (LONG),+0.0000
2026-03-29 14:14:47,intraday,USO,LONG,9,124.17,entry (LONG),+0.0000
2026-03-29 14:15:52,intraday,USO,LONG,9,124.17,entry (LONG),+0.0000
2026-03-29 14:16:04,swing,USO,SHORT,9,124.20,entry (SHORT),+0.0000
2026-03-29 14:16:56,intraday,USO,LONG,9,124.17,entry (LONG),+0.0000
2026-03-29 14:18:01,intraday,USO,LONG,9,124.17,entry (LONG),+0.0000
2026-03-29 14:19:06,intraday,USO,LONG,9,124.17,entry (LONG),+0.0000
2026-03-29 14:20:11,intraday,USO,LONG,9,124.17,entry (LONG),+0.0000
2026-03-29 14:21:16,intraday,USO,LONG,9,124.17,entry (LONG),+0.0000
2026-03-29 14:21:21,swing,USO,SHORT,9,124.20,entry (SHORT),+0.0000
2026-03-29 14:22:21,intraday,USO,LONG,9,124.17,entry (LONG),+0.0000
2026-03-29 14:23:25,intraday,USO,LONG,9,124.17,entry (LONG),+0.0000
2026-03-29 14:24:30,intraday,USO,LONG,9,124.17,entry (LONG),+0.0000
2026-03-29 14:25:37,intraday,USO,LONG,9,124.17,entry (LONG),+0.0000
2026-03-29 14:26:39,swing,USO,SHORT,9,124.20,entry (SHORT),+0.0000
2026-03-29 14:26:41,intraday,USO,LONG,9,124.17,entry (LONG),+0.0000
2026-03-29 14:27:45,intraday,USO,LONG,9,124.17,entry (LONG),+0.0000
2026-03-29 14:28:50,intraday,USO,LONG,9,124.17,entry (LONG),+0.0000
2026-03-29 14:29:54,intraday,USO,LONG,9,124.17,entry (LONG),+0.0000
2026-03-29 14:30:59,intraday,USO,LONG,9,124.17,entry (LONG),+0.0000
2026-03-29 14:31:56,swing,USO,SHORT,9,124.20,entry (SHORT),+0.0000
2026-03-29 14:32:04,intraday,USO,LONG,9,124.17,entry (LONG),+0.0000
2026-03-29 14:33:09,intraday,USO,LONG,9,124.17,entry (LONG),+0.0000
2026-03-29 14:34:14,intraday,USO,LONG,9,124.17,entry (LONG),+0.0000
2026-03-29 14:35:18,intraday,USO,LONG,9,124.17,entry (LONG),+0.0000
2026-03-29 14:36:23,intraday,USO,LONG,9,124.17,entry (LONG),+0.0000
2026-03-29 14:37:14,swing,USO,SHORT,9,124.20,entry (SHORT),+0.0000
2026-03-29 14:37:27,intraday,USO,LONG,9,124.17,entry (LONG),+0.0000
2026-03-29 14:38:32,intraday,USO,LONG,9,124.17,entry (LONG),+0.0000
2026-03-29 14:39:37,intraday,USO,LONG,9,124.17,entry (LONG),+0.0000
2026-03-29 14:40:42,intraday,USO,LONG,9,124.17,entry (LONG),+0.0000
2026-03-29 14:41:47,intraday,USO,LONG,9,124.17,entry (LONG),+0.0000
2026-03-29 14:42:31,swing,USO,SHORT,9,124.20,entry (SHORT),+0.0000
2026-03-29 14:42:51,intraday,USO,LONG,9,124.17,entry (LONG),+0.0000
2026-03-29 14:44:27,intraday,USO,LONG,9,124.17,entry (LONG),+0.0000
2026-03-29 14:45:32,intraday,USO,LONG,9,124.17,entry (LONG),+0.0000
2026-03-29 14:46:37,intraday,USO,LONG,9,124.17,entry (LONG),+0.0000
2026-03-29 14:47:41,intraday,USO,LONG,9,124.17,entry (LONG),+0.0000
2026-03-29 14:47:57,swing,USO,SHORT,9,124.20,entry (SHORT),+0.0000
2026-03-29 14:48:46,intraday,USO,LONG,9,124.17,entry (LONG),+0.0000
2026-03-29 14:49:50,intraday,USO,LONG,9,124.17,entry (LONG),+0.0000
2026-03-29 14:50:56,intraday,USO,LONG,9,124.17,entry (LONG),+0.0000
2026-03-29 14:52:00,intraday,USO,LONG,9,124.17,entry (LONG),+0.0000
2026-03-29 14:53:05,intraday,USO,LONG,9,124.17,entry (LONG),+0.0000
2026-03-29 14:53:32,swing,USO,SHORT,9,124.20,entry (SHORT),+0.0000
2026-03-29 14:54:14,intraday,USO,LONG,9,124.17,entry (LONG),+0.0000
2026-03-29 14:55:19,intraday,USO,LONG,9,124.17,entry (LONG),+0.0000
2026-03-29 14:56:23,intraday,USO,LONG,9,124.17,entry (LONG),+0.0000
2026-03-29 14:57:28,intraday,USO,LONG,9,124.17,entry (LONG),+0.0000
2026-03-29 14:58:32,intraday,USO,LONG,9,124.17,entry (LONG),+0.0000
2026-03-29 14:58:48,swing,USO,SHORT,9,124.20,entry (SHORT),+0.0000
2026-03-29 14:59:37,intraday,USO,LONG,9,124.17,entry (LONG),+0.0000
2026-03-29 15:00:42,intraday,USO,LONG,9,124.17,entry (LONG),+0.0000
2026-03-29 15:01:46,intraday,USO,LONG,9,124.17,entry (LONG),+0.0000
2026-03-29 15:02:51,intraday,USO,LONG,9,124.17,entry (LONG),+0.0000
2026-03-29 15:03:55,intraday,USO,LONG,9,124.17,entry (LONG),+0.0000
2026-03-29 15:04:05,swing,USO,SHORT,9,124.20,entry (SHORT),+0.0000
2026-03-29 15:05:00,intraday,USO,LONG,9,124.17,entry (LONG),+0.0000
2026-03-29 15:06:04,intraday,USO,LONG,9,124.17,entry (LONG),+0.0000
2026-03-29 15:07:09,intraday,USO,LONG,9,124.17,entry (LONG),+0.0000
2026-03-29 15:08:14,intraday,USO,LONG,9,124.17,entry (LONG),+0.0000
2026-03-29 15:09:18,intraday,USO,LONG,9,124.17,entry (LONG),+0.0000
2026-03-29 15:09:24,swing,USO,SHORT,9,124.20,entry (SHORT),+0.0000
2026-03-29 15:10:23,intraday,USO,LONG,9,124.17,entry (LONG),+0.0000
2026-03-29 15:11:28,intraday,USO,LONG,9,124.17,entry (LONG),+0.0000
2026-03-29 15:12:33,intraday,USO,LONG,9,124.17,entry (LONG),+0.0000
2026-03-29 15:13:38,intraday,USO,LONG,9,124.17,entry (LONG),+0.0000
2026-03-29 15:14:42,swing,USO,SHORT,9,124.20,entry (SHORT),+0.0000
2026-03-29 15:14:42,intraday,USO,LONG,9,124.17,entry (LONG),+0.0000
2026-03-29 15:15:47,intraday,USO,LONG,9,124.17,entry (LONG),+0.0000
2026-03-29 15:16:51,intraday,USO,LONG,9,124.17,entry (LONG),+0.0000
2026-03-29 15:17:56,intraday,USO,LONG,9,124.17,entry (LONG),+0.0000
2026-03-29 15:19:01,intraday,USO,LONG,9,124.17,entry (LONG),+0.0000
2026-03-29 15:20:03,swing,USO,SHORT,9,124.20,entry (SHORT),+0.0000
2026-03-29 15:20:06,intraday,USO,LONG,9,124.17,entry (LONG),+0.0000
2026-03-29 15:21:11,intraday,USO,LONG,9,124.17,entry (LONG),+0.0000
2026-03-29 15:22:15,intraday,USO,LONG,9,124.17,entry (LONG),+0.0000
2026-03-29 15:23:20,intraday,USO,LONG,9,124.17,entry (LONG),+0.0000
2026-03-29 15:24:25,intraday,USO,LONG,9,124.17,entry (LONG),+0.0000
2026-03-29 15:25:29,intraday,USO,LONG,9,124.17,entry (LONG),+0.0000
2026-03-29 15:25:32,swing,USO,SHORT,9,124.20,entry (SHORT),+0.0000
2026-03-29 15:26:34,intraday,USO,LONG,9,124.17,entry (LONG),+0.0000
2026-03-29 15:27:40,intraday,USO,LONG,9,124.17,entry (LONG),+0.0000
2026-03-29 15:28:45,intraday,USO,LONG,9,124.17,entry (LONG),+0.0000
2026-03-29 15:29:50,intraday,USO,LONG,9,124.17,entry (LONG),+0.0000
2026-03-29 15:30:50,swing,USO,SHORT,9,124.20,entry (SHORT),+0.0000
2026-03-29 15:30:54,intraday,USO,LONG,9,124.17,entry (LONG),+0.0000
2026-03-29 15:31:59,intraday,USO,LONG,9,124.17,entry (LONG),+0.0000
2026-03-29 15:33:03,intraday,USO,LONG,9,124.17,entry (LONG),+0.0000
2026-03-29 15:34:08,intraday,USO,LONG,9,124.17,entry (LONG),+0.0000
2026-03-29 15:35:12,intraday,USO,LONG,9,124.17,entry (LONG),+0.0000
2026-03-29 15:36:07,swing,USO,SHORT,9,124.20,entry (SHORT),+0.0000
2026-03-29 15:36:17,intraday,USO,LONG,9,124.17,entry (LONG),+0.0000
2026-03-29 15:37:22,intraday,USO,LONG,9,124.17,entry (LONG),+0.0000
2026-03-29 15:38:26,intraday,USO,LONG,9,124.17,entry (LONG),+0.0000
2026-03-29 15:39:31,intraday,USO,LONG,9,124.17,entry (LONG),+0.0000
2026-03-29 15:40:36,intraday,USO,LONG,9,124.17,entry (LONG),+0.0000
2026-03-29 15:41:31,swing,USO,SHORT,9,124.20,entry (SHORT),+0.0000
2026-03-29 15:41:41,intraday,USO,LONG,9,124.17,entry (LONG),+0.0000
2026-03-29 15:42:45,intraday,USO,LONG,9,124.17,entry (LONG),+0.0000
2026-03-29 15:43:50,intraday,USO,LONG,9,124.17,entry (LONG),+0.0000
2026-03-29 15:45:20,intraday,USO,LONG,9,124.17,entry (LONG),+0.0000
2026-03-29 15:46:25,intraday,USO,LONG,9,124.17,entry (LONG),+0.0000
2026-03-29 15:46:48,swing,USO,SHORT,9,124.20,entry (SHORT),+0.0000
2026-03-29 15:47:29,intraday,USO,LONG,9,124.17,entry (LONG),+0.0000
2026-03-29 15:48:34,intraday,USO,LONG,9,124.17,entry (LONG),+0.0000
2026-03-29 15:49:39,intraday,USO,LONG,9,124.17,entry (LONG),+0.0000
2026-03-29 15:50:43,intraday,USO,LONG,9,124.17,entry (LONG),+0.0000
2026-03-29 15:51:48,intraday,USO,LONG,9,124.17,entry (LONG),+0.0000
2026-03-29 15:52:05,swing,USO,SHORT,9,124.20,entry (SHORT),+0.0000
2026-03-29 15:52:53,intraday,USO,LONG,9,124.17,entry (LONG),+0.0000
2026-03-29 15:53:57,intraday,USO,LONG,9,124.17,entry (LONG),+0.0000
2026-03-29 15:55:02,intraday,USO,LONG,9,124.17,entry (LONG),+0.0000
2026-03-29 15:56:06,intraday,USO,LONG,9,124.17,entry (LONG),+0.0000
2026-03-29 15:57:11,intraday,USO,LONG,9,124.17,entry (LONG),+0.0000
2026-03-29 15:57:23,swing,USO,SHORT,9,124.20,entry (SHORT),+0.0000
2026-03-29 15:58:15,intraday,USO,LONG,9,124.17,entry (LONG),+0.0000
2026-03-29 15:59:20,intraday,USO,LONG,9,124.17,entry (LONG),+0.0000
2026-03-29 16:00:28,intraday,USO,LONG,9,124.17,entry (LONG),+0.0000
2026-03-29 16:01:33,intraday,USO,LONG,9,124.17,entry (LONG),+0.0000
2026-03-29 16:02:37,intraday,USO,LONG,9,124.17,entry (LONG),+0.0000
2026-03-29 16:02:40,swing,USO,SHORT,9,124.20,entry (SHORT),+0.0000
2026-03-29 16:03:42,intraday,USO,LONG,9,124.17,entry (LONG),+0.0000
2026-03-29 16:04:47,intraday,USO,LONG,9,124.17,entry (LONG),+0.0000
2026-03-29 16:05:52,intraday,USO,LONG,9,124.17,entry (LONG),+0.0000
2026-03-29 16:06:57,intraday,USO,LONG,9,124.17,entry (LONG),+0.0000
2026-03-29 16:07:58,swing,USO,SHORT,9,124.20,entry (SHORT),+0.0000
2026-03-29 16:08:01,intraday,USO,LONG,9,124.17,entry (LONG),+0.0000
2026-03-29 16:09:06,intraday,USO,LONG,9,124.17,entry (LONG),+0.0000
2026-03-29 16:10:11,intraday,USO,LONG,9,124.17,entry (LONG),+0.0000
2026-03-29 16:11:15,intraday,USO,LONG,9,124.17,entry (LONG),+0.0000
2026-03-29 16:12:20,intraday,USO,LONG,9,124.17,entry (LONG),+0.0000
2026-03-29 16:13:17,swing,USO,SHORT,9,124.20,entry (SHORT),+0.0000
2026-03-29 16:13:24,intraday,USO,LONG,9,124.17,entry (LONG),+0.0000
2026-03-29 16:14:29,intraday,USO,LONG,9,124.17,entry (LONG),+0.0000
2026-03-29 16:15:34,intraday,USO,LONG,9,124.17,entry (LONG),+0.0000
2026-03-29 16:16:38,intraday,USO,LONG,9,124.17,entry (LONG),+0.0000
2026-03-29 16:17:43,intraday,USO,LONG,9,124.17,entry (LONG),+0.0000
2026-03-29 16:18:36,swing,USO,SHORT,9,124.20,entry (SHORT),+0.0000
2026-03-29 16:18:48,intraday,USO,LONG,9,124.17,entry (LONG),+0.0000
2026-03-29 16:19:52,intraday,USO,LONG,9,124.17,entry (LONG),+0.0000
2026-03-29 16:20:56,intraday,USO,LONG,9,124.17,entry (LONG),+0.0000
2026-03-29 16:22:01,intraday,USO,LONG,9,124.17,entry (LONG),+0.0000
2026-03-29 16:23:06,intraday,USO,LONG,9,124.17,entry (LONG),+0.0000
2026-03-29 16:23:54,swing,USO,SHORT,9,124.20,entry (SHORT),+0.0000
2026-03-29 16:24:10,intraday,USO,LONG,9,124.17,entry (LONG),+0.0000
2026-03-29 16:25:15,intraday,USO,LONG,9,124.17,entry (LONG),+0.0000
2026-03-29 16:26:19,intraday,USO,LONG,9,124.17,entry (LONG),+0.0000
2026-03-29 16:27:25,intraday,USO,LONG,9,124.17,entry (LONG),+0.0000
2026-03-29 16:28:30,intraday,USO,LONG,9,124.17,entry (LONG),+0.0000
2026-03-29 16:29:12,swing,USO,SHORT,9,124.20,entry (SHORT),+0.0000
2026-03-29 16:29:34,intraday,USO,LONG,9,124.17,entry (LONG),+0.0000
2026-03-29 16:30:39,intraday,USO,LONG,9,124.17,entry (LONG),+0.0000
2026-03-29 16:31:43,intraday,USO,LONG,9,124.17,entry (LONG),+0.0000
2026-03-29 16:33:00,intraday,USO,LONG,9,124.17,entry (LONG),+0.0000
2026-03-29 16:34:26,intraday,USO,LONG,9,124.17,entry (LONG),+0.0000
2026-03-29 16:34:34,swing,USO,SHORT,9,124.20,entry (SHORT),+0.0000
2026-03-29 16:35:32,intraday,USO,LONG,9,124.17,entry (LONG),+0.0000
2026-03-29 16:36:38,intraday,USO,LONG,9,124.17,entry (LONG),+0.0000
2026-03-29 16:37:52,intraday,USO,LONG,9,124.17,entry (LONG),+0.0000
2026-03-29 16:38:57,intraday,USO,LONG,9,124.17,entry (LONG),+0.0000
2026-03-29 16:39:53,swing,USO,SHORT,9,124.20,entry (SHORT),+0.0000
2026-03-29 16:40:02,intraday,USO,LONG,9,124.17,entry (LONG),+0.0000
2026-03-29 16:41:07,intraday,USO,LONG,9,124.17,entry (LONG),+0.0000
2026-03-29 16:42:12,intraday,USO,LONG,9,124.17,entry (LONG),+0.0000
2026-03-29 16:43:17,intraday,USO,LONG,9,124.17,entry (LONG),+0.0000
2026-03-29 16:44:22,intraday,USO,LONG,9,124.17,entry (LONG),+0.0000
2026-03-29 16:45:14,swing,USO,SHORT,9,124.20,entry (SHORT),+0.0000
2026-03-29 16:45:51,intraday,USO,LONG,9,124.17,entry (LONG),+0.0000
2026-03-29 16:46:56,intraday,USO,LONG,9,124.17,entry (LONG),+0.0000
2026-03-29 16:48:01,intraday,USO,LONG,9,124.17,entry (LONG),+0.0000
2026-03-29 16:49:06,intraday,USO,LONG,9,124.17,entry (LONG),+0.0000
2026-03-29 16:50:11,intraday,USO,LONG,9,124.17,entry (LONG),+0.0000
2026-03-29 16:50:32,swing,USO,SHORT,9,124.20,entry (SHORT),+0.0000
2026-03-29 16:51:16,intraday,USO,LONG,9,124.17,entry (LONG),+0.0000
2026-03-29 16:52:21,intraday,USO,LONG,9,124.17,entry (LONG),+0.0000
2026-03-29 16:53:26,intraday,USO,LONG,9,124.17,entry (LONG),+0.0000
2026-03-29 16:54:31,intraday,USO,LONG,9,124.17,entry (LONG),+0.0000
2026-03-29 16:55:36,intraday,USO,LONG,9,124.17,entry (LONG),+0.0000
2026-03-29 16:55:53,swing,USO,SHORT,9,124.20,entry (SHORT),+0.0000
2026-03-29 16:56:41,intraday,USO,LONG,9,124.17,entry (LONG),+0.0000
2026-03-29 16:57:47,intraday,USO,LONG,9,124.17,entry (LONG),+0.0000
2026-03-29 16:58:52,intraday,USO,LONG,9,124.17,entry (LONG),+0.0000
2026-03-29 16:59:56,intraday,USO,LONG,9,124.17,entry (LONG),+0.0000
2026-03-29 17:01:02,intraday,USO,LONG,9,124.17,entry (LONG),+0.0000
2026-03-29 17:01:20,swing,USO,SHORT,9,124.20,entry (SHORT),+0.0000
2026-03-29 17:02:08,intraday,USO,LONG,9,124.17,entry (LONG),+0.0000
2026-03-29 17:03:12,intraday,USO,LONG,9,124.17,entry (LONG),+0.0000
2026-03-29 17:04:17,intraday,USO,LONG,9,124.17,entry (LONG),+0.0000
2026-03-29 17:05:22,intraday,USO,LONG,9,124.17,entry (LONG),+0.0000
2026-03-29 17:06:27,intraday,USO,LONG,9,124.17,entry (LONG),+0.0000
2026-03-29 17:06:40,swing,USO,SHORT,9,124.20,entry (SHORT),+0.0000
2026-03-29 17:07:31,intraday,USO,LONG,9,124.17,entry (LONG),+0.0000
2026-03-29 17:08:36,intraday,USO,LONG,9,124.17,entry (LONG),+0.0000
2026-03-29 17:09:41,intraday,USO,LONG,9,124.17,entry (LONG),+0.0000
2026-03-29 17:10:45,intraday,USO,LONG,9,124.17,entry (LONG),+0.0000
2026-03-29 17:11:50,intraday,USO,LONG,9,124.17,entry (LONG),+0.0000
2026-03-29 17:11:58,swing,USO,SHORT,9,124.20,entry (SHORT),+0.0000
2026-03-29 17:12:55,intraday,USO,LONG,9,124.17,entry (LONG),+0.0000
2026-03-29 17:13:59,intraday,USO,LONG,9,124.17,entry (LONG),+0.0000
2026-03-29 17:15:04,intraday,USO,LONG,9,124.17,entry (LONG),+0.0000
2026-03-29 17:16:09,intraday,USO,LONG,9,124.17,entry (LONG),+0.0000
2026-03-29 17:17:14,intraday,USO,LONG,9,124.17,entry (LONG),+0.0000
2026-03-29 17:17:16,swing,USO,SHORT,9,124.20,entry (SHORT),+0.0000
2026-03-29 17:18:18,intraday,USO,LONG,9,124.17,entry (LONG),+0.0000
2026-03-29 17:19:26,intraday,USO,LONG,9,124.17,entry (LONG),+0.0000
2026-03-29 17:20:30,intraday,USO,LONG,9,124.17,entry (LONG),+0.0000
2026-03-29 17:21:35,intraday,USO,LONG,9,124.17,entry (LONG),+0.0000
2026-03-29 17:22:34,swing,USO,SHORT,9,124.20,entry (SHORT),+0.0000
2026-03-29 17:22:41,intraday,USO,LONG,9,124.17,entry (LONG),+0.0000
2026-03-29 17:23:45,intraday,USO,LONG,9,124.17,entry (LONG),+0.0000
2026-03-29 17:24:50,intraday,USO,LONG,9,124.17,entry (LONG),+0.0000
2026-03-29 17:25:55,intraday,USO,LONG,9,124.17,entry (LONG),+0.0000
2026-03-29 17:27:00,intraday,USO,LONG,9,124.17,entry (LONG),+0.0000
2026-03-29 17:27:57,swing,USO,SHORT,9,124.20,entry (SHORT),+0.0000
2026-03-29 17:28:06,intraday,USO,LONG,9,124.17,entry (LONG),+0.0000
2026-03-29 17:29:11,intraday,USO,LONG,9,124.17,entry (LONG),+0.0000
2026-03-29 17:30:16,intraday,USO,LONG,9,124.17,entry (LONG),+0.0000
2026-03-29 17:31:20,intraday,USO,LONG,9,124.17,entry (LONG),+0.0000
2026-03-29 17:32:25,intraday,USO,LONG,9,124.17,entry (LONG),+0.0000
2026-03-29 17:33:16,swing,USO,SHORT,9,124.20,entry (SHORT),+0.0000
2026-03-29 17:33:30,intraday,USO,LONG,9,124.17,entry (LONG),+0.0000
2026-03-29 17:34:35,intraday,USO,LONG,9,124.17,entry (LONG),+0.0000
2026-03-29 17:35:40,intraday,USO,LONG,9,124.17,entry (LONG),+0.0000
2026-03-29 17:36:45,intraday,USO,LONG,9,124.17,entry (LONG),+0.0000
2026-03-29 17:37:51,intraday,USO,LONG,9,124.17,entry (LONG),+0.0000
2026-03-29 17:38:40,swing,USO,SHORT,9,124.20,entry (SHORT),+0.0000
2026-03-29 17:38:55,intraday,USO,LONG,9,124.17,entry (LONG),+0.0000
2026-03-29 17:40:00,intraday,USO,LONG,9,124.17,entry (LONG),+0.0000
2026-03-29 17:41:05,intraday,USO,LONG,9,124.17,entry (LONG),+0.0000
2026-03-29 17:42:10,intraday,USO,LONG,9,124.17,entry (LONG),+0.0000
2026-03-29 17:43:16,intraday,USO,LONG,9,124.17,entry (LONG),+0.0000
2026-03-29 17:43:59,swing,USO,SHORT,9,124.20,entry (SHORT),+0.0000
2026-03-29 17:44:20,intraday,USO,LONG,9,124.17,entry (LONG),+0.0000
2026-03-29 17:45:25,intraday,USO,LONG,9,124.17,entry (LONG),+0.0000
2026-03-29 17:46:30,intraday,USO,LONG,9,124.17,entry (LONG),+0.0000
2026-03-29 17:47:35,intraday,USO,LONG,9,124.17,entry (LONG),+0.0000
2026-03-29 17:48:40,intraday,USO,LONG,9,124.17,entry (LONG),+0.0000
2026-03-29 17:49:17,swing,USO,SHORT,9,124.20,entry (SHORT),+0.0000
2026-03-29 17:49:45,intraday,USO,LONG,9,124.17,entry (LONG),+0.0000
2026-03-29 17:50:51,intraday,USO,LONG,9,124.17,entry (LONG),+0.0000
2026-03-29 17:51:58,intraday,USO,LONG,9,124.17,entry (LONG),+0.0000
2026-03-29 17:53:03,intraday,USO,LONG,9,124.17,entry (LONG),+0.0000
2026-03-29 17:54:08,intraday,USO,LONG,9,124.17,entry (LONG),+0.0000
2026-03-29 17:54:47,swing,USO,SHORT,9,124.20,entry (SHORT),+0.0000
2026-03-29 17:55:13,intraday,USO,LONG,9,124.17,entry (LONG),+0.0000
2026-03-29 17:56:19,intraday,USO,LONG,9,124.17,entry (LONG),+0.0000
2026-03-29 17:57:24,intraday,USO,LONG,9,124.17,entry (LONG),+0.0000
2026-03-29 17:58:29,intraday,USO,LONG,9,124.17,entry (LONG),+0.0000
2026-03-29 18:03:24,crypto_intraday,QNT/USD,SHORT,41.913264,69.57,entry (SHORT),+0.0000
2026-03-29 18:04:05,crypto_intraday,NEAR/USD,LONG,2493.379325,1.17,entry (LONG),+0.0000
2026-03-29 18:09:19,crypto_intraday,ATOM/USD,LONG,1763.609416,1.65,entry (LONG),+0.0000
2026-03-29 19:17:34,crypto_intraday,NEAR/USD,LONG,2493.379325,1.18,"profit_lock+signal_decay (armed, E[r]=-0.0157, PnL=+0.80%)",+0.0080
2026-03-29 19:20:14,crypto_intraday,FET/USD,SHORT,12440.248367,0.23,entry (SHORT),+0.0000
2026-03-29 19:23:00,crypto_intraday,ATOM/USD,LONG,1763.609416,1.66,"profit_lock+signal_decay (armed, E[r]=-0.0089, PnL=+0.87%)",+0.0087
2026-03-29 19:26:35,crypto_intraday,SEI/USD,SHORT,55262.178306,0.05,entry (SHORT),+0.0000
2026-03-29 19:48:04,crypto_intraday,FET/USD,SHORT,12440.248367,0.24,disaster_stop (-2.40% <= -2.25%),-0.0240
2026-03-29 19:50:46,crypto_intraday,ATOM/USD,SHORT,1749.440367,1.66,entry (SHORT),+0.0000
2026-03-29 20:00:05,crypto_intraday,QNT/USD,SHORT,41.913264,70.48,"signal_reversal_post_horizon (E[r]=+0.0197, bars=19, PnL=-0.95%)",-0.0095
2026-03-29 20:03:44,crypto_intraday,NEAR/USD,SHORT,2452.593871,1.19,entry (SHORT),+0.0000
2026-03-29 20:40:58,crypto_intraday,SEI/USD,SHORT,55262.178306,0.05,"signal_reversal_post_horizon (E[r]=+0.0094, bars=12, PnL=-1.81%)",-0.0181
2026-03-29 20:44:18,crypto_intraday,MANA/USD,SHORT,35442.351774,0.08,entry (SHORT),+0.0000
2026-03-29 21:00:35,intraday,XLE,LONG,70.0,63.33,"profit_lock_trail (0.81% from peak, PnL=+2.09%, trail=0.23%)",+0.0209
2026-03-29 21:01:40,intraday,XLE,LONG,105,62.56,entry (LONG),+0.0000
2026-03-29 21:24:30,crypto_intraday,ATOM/USD,SHORT,1749.440367,1.67,"breakeven_ratchet (floor=$1.6729, current=$1.6731)",-0.0001
2026-03-29 21:36:10,crypto_intraday,NEAR/USD,SHORT,2452.593871,1.20,"signal_reversal_post_horizon (E[r]=+0.0079, bars=15, PnL=-0.89%)",-0.0089
